review_id,restaurant_id,review_date,rating,is_complaint,review_text
REV0000001,RST101,2024-10-01,5,false,Bad experience
REV0000002,RST101,2024-09-28,3,false,Good food!
REV0000003,RST101,2024-10-05,4,false,Okay
REV0000004,RST101,2024-09-16,3,false,Love it!
REV0000005,RST101,2024-10-12,4,false,Late delivery
REV0000006,RST101,2024-09-10,4,false,Cold food
REV0000007,RST101,2024-10-02,4,true,Late delivery
REV0000008,RST101,2024-09-23,4,false,Okay
REV0000009,RST101,2024-10-07,4,false,Wrong order
REV0000010,RST101,2024-09-17,5,false,Okay
REV0000011,RST101,2024-09-28,4,false,Excellent!
REV0000012,RST101,2024-10-05,4,false,Excellent!
REV0000013,RST101,2024-09-18,4,false,Okay
REV0000014,RST101,2024-10-12,4,false,Bad experience
REV0000015,RST101,2024-09-26,4,false,Good food!
REV0000016,RST101,2024-10-06,4,false,Love it!
REV0000017,RST101,2024-10-08,4,false,Okay
REV0000018,RST101,2024-10-13,5,false,Love it!
REV0000019,RST101,2024-10-09,4,false,Good food!
REV0000020,RST101,2024-09-27,4,false,Late delivery
REV0000021,RST101,2024-09-09,4,true,Late delivery
REV0000022,RST101,2024-09-05,4,false,Good food!
REV0000023,RST101,2024-09-02,4,false,Wrong order
REV0000024,RST101,2024-09-05,4,false,Wrong order
REV0000025,RST101,2024-10-05,2,false,Love it!
REV0000026,RST101,2024-09-09,5,false,Good food!
REV0000027,RST101,2024-09-01,4,false,Okay
REV0000028,RST101,2024-09-10,4,false,Okay
REV0000029,RST101,2024-09-04,4,false,Good food!
REV0000030,RST101,2024-09-07,5,false,Wrong order
REV0000031,RST101,2024-10-12,4,false,Okay
REV0000032,RST101,2024-10-04,4,false,Okay
REV0000033,RST101,2024-09-17,4,false,Excellent!
REV0000034,RST101,2024-09-18,4,false,Good food!
REV0000035,RST101,2024-10-05,5,false,Excellent!
REV0000036,RST101,2024-09-30,4,false,Wrong order
REV0000037,RST101,2024-10-02,3,false,Okay
REV0000038,RST101,2024-09-17,3,false,Excellent!
REV0000039,RST101,2024-10-04,4,false,Good food!
REV0000040,RST101,2024-09-02,4,false,Cold food
REV0000041,RST101,2024-09-24,4,false,Excellent!
REV0000042,RST101,2024-09-18,4,false,Late delivery
REV0000043,RST101,2024-09-24,4,false,Good food!
REV0000044,RST101,2024-09-22,4,false,Love it!
REV0000045,RST101,2024-10-11,4,false,Okay
REV0000046,RST101,2024-09-02,5,false,Cold food
REV0000047,RST101,2024-10-03,5,false,Love it!
REV0000048,RST101,2024-09-22,4,false,Good food!
REV0000049,RST101,2024-10-01,3,false,Excellent!
REV0000050,RST101,2024-10-02,4,false,Bad experience
REV0000051,RST101,2024-09-10,5,true,Good food!
REV0000052,RST101,2024-09-21,4,false,Late delivery
REV0000053,RST101,2024-10-07,4,false,Cold food
REV0000054,RST101,2024-10-08,3,false,Wrong order
REV0000055,RST101,2024-09-30,3,false,Excellent!
REV0000056,RST101,2024-09-12,5,false,Good food!
REV0000057,RST101,2024-09-11,4,false,Cold food
REV0000058,RST101,2024-09-09,4,false,Love it!
REV0000059,RST101,2024-09-09,4,false,Late delivery
REV0000060,RST101,2024-09-15,5,false,Good food!
REV0000061,RST101,2024-09-01,3,false,Excellent!
REV0000062,RST101,2024-09-24,3,false,Good food!
REV0000063,RST101,2024-10-02,3,true,Excellent!
REV0000064,RST101,2024-09-25,4,false,Good food!
REV0000065,RST101,2024-09-12,4,false,Okay
REV0000066,RST101,2024-09-27,4,false,Love it!
REV0000067,RST101,2024-09-27,4,false,Okay
REV0000068,RST101,2024-10-06,4,true,Cold food
REV0000069,RST101,2024-09-24,5,false,Good food!
REV0000070,RST101,2024-10-05,4,false,Bad experience
REV0000071,RST101,2024-09-24,4,false,Okay
REV0000072,RST101,2024-09-18,4,false,Okay
REV0000073,RST101,2024-09-30,4,true,Bad experience
REV0000074,RST101,2024-09-30,4,false,Excellent!
REV0000075,RST101,2024-10-10,5,false,Late delivery
REV0000076,RST101,2024-09-23,4,false,Late delivery
REV0000077,RST101,2024-09-19,4,false,Okay
REV0000078,RST101,2024-09-17,5,false,Late delivery
REV0000079,RST101,2024-09-03,5,false,Love it!
REV0000080,RST101,2024-09-10,4,false,Love it!
REV0000081,RST101,2024-09-28,4,false,Okay
REV0000082,RST101,2024-10-13,4,false,Love it!
REV0000083,RST101,2024-09-15,3,false,Okay
REV0000084,RST101,2024-10-09,4,false,Okay
REV0000085,RST101,2024-10-10,4,false,Excellent!
REV0000086,RST101,2024-09-09,4,false,Late delivery
REV0000087,RST101,2024-09-28,4,false,Excellent!
REV0000088,RST101,2024-10-10,5,false,Love it!
REV0000089,RST101,2024-09-07,4,false,Good food!
REV0000090,RST101,2024-09-26,5,false,Okay
REV0000091,RST101,2024-10-05,5,false,Good food!
REV0000092,RST101,2024-09-06,4,false,Late delivery
REV0000093,RST101,2024-10-11,4,false,Love it!
REV0000094,RST101,2024-09-08,5,false,Bad experience
REV0000095,RST101,2024-09-01,5,false,Excellent!
REV0000096,RST101,2024-09-20,5,false,Good food!
REV0000097,RST101,2024-09-29,4,false,Late delivery
REV0000098,RST101,2024-10-01,4,false,Late delivery
REV0000099,RST101,2024-10-10,4,false,Wrong order
REV0000100,RST101,2024-09-23,3,false,Okay
REV0000101,RST101,2024-10-13,5,false,Excellent!
REV0000102,RST101,2024-10-13,4,false,Good food!
REV0000103,RST101,2024-10-11,4,false,Bad experience
REV0000104,RST101,2024-09-20,4,true,Bad experience
REV0000105,RST101,2024-09-20,4,false,Bad experience
REV0000106,RST101,2024-09-10,4,false,Love it!
REV0000107,RST101,2024-09-07,4,false,Bad experience
REV0000108,RST101,2024-10-08,4,false,Cold food
REV0000109,RST101,2024-09-25,5,false,Excellent!
REV0000110,RST101,2024-09-10,5,false,Late delivery
REV0000111,RST101,2024-10-03,5,false,Late delivery
REV0000112,RST101,2024-10-08,4,false,Wrong order
REV0000113,RST101,2024-09-19,5,false,Love it!
REV0000114,RST101,2024-09-16,5,false,Excellent!
REV0000115,RST101,2024-09-01,5,false,Bad experience
REV0000116,RST101,2024-09-04,4,false,Love it!
REV0000117,RST101,2024-09-17,4,false,Good food!
REV0000118,RST101,2024-09-16,4,false,Okay
REV0000119,RST101,2024-09-12,5,false,Late delivery
REV0000120,RST101,2024-09-18,4,false,Late delivery
REV0000121,RST101,2024-09-25,4,false,Bad experience
REV0000122,RST101,2024-09-15,4,false,Love it!
REV0000123,RST101,2024-10-04,4,false,Excellent!
REV0000124,RST101,2024-09-05,5,false,Late delivery
REV0000125,RST101,2024-09-01,4,false,Bad experience
REV0000126,RST101,2024-10-12,4,false,Excellent!
REV0000127,RST101,2024-09-23,5,false,Okay
REV0000128,RST101,2024-09-21,5,false,Good food!
REV0000129,RST101,2024-10-05,4,false,Bad experience
REV0000130,RST101,2024-09-12,4,false,Love it!
REV0000131,RST101,2024-09-05,5,false,Good food!
REV0000132,RST101,2024-10-04,4,false,Late delivery
REV0000133,RST101,2024-09-25,4,false,Bad experience
REV0000134,RST101,2024-09-11,4,false,Cold food
REV0000135,RST101,2024-10-09,4,true,Excellent!
REV0000136,RST101,2024-09-25,4,false,Okay
REV0000137,RST101,2024-09-01,4,false,Cold food
REV0000138,RST101,2024-09-17,5,false,Late delivery
REV0000139,RST101,2024-10-10,4,false,Bad experience
REV0000140,RST101,2024-09-15,4,false,Cold food
REV0000141,RST101,2024-09-12,3,false,Wrong order
REV0000142,RST101,2024-09-30,4,false,Good food!
REV0000143,RST101,2024-10-02,4,false,Cold food
REV0000144,RST101,2024-09-17,5,false,Wrong order
REV0000145,RST101,2024-10-12,4,false,Excellent!
REV0000146,RST101,2024-09-30,4,false,Good food!
REV0000147,RST101,2024-09-21,4,false,Okay
REV0000148,RST101,2024-09-17,4,false,Cold food
REV0000149,RST101,2024-09-23,5,false,Good food!
REV0000150,RST101,2024-09-20,3,false,Late delivery
REV0000151,RST101,2024-09-13,4,false,Love it!
REV0000152,RST101,2024-09-19,4,false,Cold food
REV0000153,RST101,2024-10-11,4,true,Bad experience
REV0000154,RST101,2024-09-11,4,false,Cold food
REV0000155,RST101,2024-09-21,5,false,Love it!
REV0000156,RST101,2024-09-19,5,false,Late delivery
REV0000157,RST101,2024-10-09,4,false,Okay
REV0000158,RST101,2024-09-27,4,false,Cold food
REV0000159,RST101,2024-10-12,4,false,Excellent!
REV0000160,RST101,2024-09-12,4,false,Cold food
REV0000161,RST101,2024-09-27,5,false,Wrong order
REV0000162,RST101,2024-09-11,5,false,Excellent!
REV0000163,RST101,2024-09-14,4,false,Good food!
REV0000164,RST101,2024-10-05,5,false,Okay
REV0000165,RST101,2024-10-07,4,false,Wrong order
REV0000166,RST101,2024-09-10,5,false,Bad experience
REV0000167,RST101,2024-09-18,4,false,Bad experience
REV0000168,RST101,2024-09-30,4,false,Okay
REV0000169,RST101,2024-09-21,5,false,Okay
REV0000170,RST101,2024-09-28,5,false,Good food!
REV0000171,RST101,2024-09-28,4,false,Cold food
REV0000172,RST101,2024-09-14,4,false,Cold food
REV0000173,RST101,2024-09-06,5,false,Bad experience
REV0000174,RST101,2024-09-23,5,false,Excellent!
REV0000175,RST101,2024-09-12,5,false,Okay
REV0000176,RST101,2024-09-19,4,false,Okay
REV0000177,RST101,2024-09-30,4,false,Good food!
REV0000178,RST101,2024-10-10,5,false,Good food!
REV0000179,RST101,2024-10-06,4,false,Excellent!
REV0000180,RST101,2024-09-14,4,true,Good food!
REV0000181,RST101,2024-10-19,2,true,Late delivery
REV0000182,RST101,2024-10-19,1,true,Good food!
REV0000183,RST101,2024-10-18,3,false,Love it!
REV0000184,RST101,2024-10-16,2,false,Excellent!
REV0000185,RST101,2024-10-21,3,false,Love it!
REV0000186,RST101,2024-10-15,3,true,Cold food
REV0000187,RST101,2024-10-15,3,true,Wrong order
REV0000188,RST101,2024-10-15,2,false,Good food!
REV0000189,RST101,2024-10-19,3,true,Love it!
REV0000190,RST101,2024-10-17,2,true,Wrong order
REV0000191,RST101,2024-10-19,3,false,Wrong order
REV0000192,RST101,2024-10-20,2,false,Wrong order
REV0000193,RST101,2024-10-20,2,true,Excellent!
REV0000194,RST101,2024-10-19,2,true,Bad experience
REV0000195,RST101,2024-10-15,2,true,Love it!
REV0000196,RST101,2024-10-21,3,false,Bad experience
REV0000197,RST101,2024-10-21,2,false,Late delivery
REV0000198,RST101,2024-10-15,2,false,Late delivery
REV0000199,RST101,2024-10-17,3,true,Wrong order
REV0000200,RST101,2024-10-20,3,true,Okay
REV0000201,RST101,2024-10-18,2,true,Love it!
REV0000202,RST101,2024-10-17,3,true,Okay
REV0000203,RST101,2024-10-21,3,true,Late delivery
REV0000204,RST101,2024-10-19,3,true,Okay
REV0000205,RST101,2024-10-16,1,false,Bad experience
REV0000206,RST101,2024-10-20,3,false,Wrong order
REV0000207,RST101,2024-10-20,3,true,Love it!
REV0000208,RST101,2024-10-18,2,true,Good food!
REV0000209,RST101,2024-10-14,2,false,Late delivery
REV0000210,RST101,2024-10-19,2,true,Love it!
REV0000211,RST101,2024-10-21,4,false,Good food!
REV0000212,RST101,2024-10-15,2,false,Late delivery
REV0000213,RST101,2024-10-18,2,false,Excellent!
REV0000214,RST101,2024-10-20,2,true,Good food!
REV0000215,RST101,2024-10-15,2,true,Excellent!
REV0000216,RST101,2024-10-15,2,true,Late delivery
REV0000217,RST101,2024-10-21,3,false,Good food!
REV0000218,RST101,2024-10-21,2,true,Good food!
REV0000219,RST101,2024-10-17,3,true,Love it!
REV0000220,RST101,2024-10-20,3,false,Love it!
REV0000221,RST101,2024-10-19,3,true,Late delivery
REV0000222,RST101,2024-10-15,2,true,Late delivery
REV0000223,RST101,2024-10-14,2,true,Late delivery
REV0000224,RST101,2024-10-18,2,false,Excellent!
REV0000225,RST101,2024-10-21,3,true,Okay
REV0000226,RST101,2024-10-18,3,false,Late delivery
REV0000227,RST101,2024-10-14,2,true,Cold food
REV0000228,RST101,2024-10-17,3,false,Wrong order
REV0000229,RST101,2024-10-21,2,false,Okay
REV0000230,RST101,2024-10-20,3,false,Good food!
REV0000231,RST101,2024-10-19,3,true,Wrong order
REV0000232,RST101,2024-10-17,2,true,Excellent!
REV0000233,RST101,2024-10-19,3,true,Love it!
REV0000234,RST101,2024-10-14,3,true,Cold food
REV0000235,RST101,2024-10-15,2,true,Late delivery
REV0000236,RST101,2024-10-19,2,true,Excellent!
REV0000237,RST101,2024-10-15,2,true,Okay
REV0000238,RST101,2024-10-14,3,false,Good food!
REV0000239,RST101,2024-10-18,2,true,Love it!
REV0000240,RST101,2024-10-17,2,false,Excellent!
REV0000241,RST102,2024-09-05,4,false,Bad experience
REV0000242,RST102,2024-09-09,4,false,Excellent!
REV0000243,RST102,2024-09-15,4,false,Okay
REV0000244,RST102,2024-09-14,3,false,Love it!
REV0000245,RST102,2024-09-01,4,true,Late delivery
REV0000246,RST102,2024-09-30,4,false,Excellent!
REV0000247,RST102,2024-09-09,4,false,Love it!
REV0000248,RST102,2024-10-04,4,false,Wrong order
REV0000249,RST102,2024-09-29,5,false,Wrong order
REV0000250,RST102,2024-09-02,3,false,Late delivery
REV0000251,RST102,2024-09-11,5,false,Love it!
REV0000252,RST102,2024-09-08,5,false,Wrong order
REV0000253,RST102,2024-10-05,5,true,Cold food
REV0000254,RST102,2024-10-09,4,false,Bad experience
REV0000255,RST102,2024-10-08,4,false,Okay
REV0000256,RST102,2024-09-07,4,false,Okay
REV0000257,RST102,2024-10-10,5,false,Good food!
REV0000258,RST102,2024-09-08,4,false,Wrong order
REV0000259,RST102,2024-10-13,5,false,Bad experience
REV0000260,RST102,2024-09-01,3,false,Cold food
REV0000261,RST102,2024-09-20,4,false,Okay
REV0000262,RST102,2024-10-06,4,false,Okay
REV0000263,RST102,2024-09-13,4,true,Late delivery
REV0000264,RST102,2024-09-21,4,false,Good food!
REV0000265,RST102,2024-09-02,5,false,Love it!
REV0000266,RST102,2024-10-07,4,false,Love it!
REV0000267,RST102,2024-09-18,4,false,Good food!
REV0000268,RST102,2024-09-16,4,false,Late delivery
REV0000269,RST102,2024-09-23,5,false,Excellent!
REV0000270,RST102,2024-10-05,4,false,Excellent!
REV0000271,RST102,2024-09-11,5,false,Okay
REV0000272,RST102,2024-09-20,5,false,Cold food
REV0000273,RST102,2024-10-08,5,false,Excellent!
REV0000274,RST102,2024-10-07,4,false,Late delivery
REV0000275,RST102,2024-09-23,5,false,Love it!
REV0000276,RST102,2024-09-28,4,false,Good food!
REV0000277,RST102,2024-09-26,4,false,Okay
REV0000278,RST102,2024-09-06,5,false,Excellent!
REV0000279,RST102,2024-09-21,4,false,Good food!
REV0000280,RST102,2024-09-09,5,false,Good food!
REV0000281,RST102,2024-09-20,4,false,Bad experience
REV0000282,RST102,2024-10-10,4,false,Excellent!
REV0000283,RST102,2024-10-09,4,false,Okay
REV0000284,RST102,2024-10-06,4,false,Good food!
REV0000285,RST102,2024-09-23,5,false,Love it!
REV0000286,RST102,2024-09-19,5,true,Love it!
REV0000287,RST102,2024-09-19,4,false,Late delivery
REV0000288,RST102,2024-09-21,4,false,Wrong order
REV0000289,RST102,2024-09-20,4,false,Bad experience
REV0000290,RST102,2024-09-22,5,true,Love it!
REV0000291,RST102,2024-09-13,5,false,Excellent!
REV0000292,RST102,2024-10-07,5,false,Late delivery
REV0000293,RST102,2024-09-02,4,false,Love it!
REV0000294,RST102,2024-09-13,4,false,Love it!
REV0000295,RST102,2024-09-20,5,false,Wrong order
REV0000296,RST102,2024-09-26,5,false,Excellent!
REV0000297,RST102,2024-09-21,5,false,Bad experience
REV0000298,RST102,2024-10-10,4,false,Bad experience
REV0000299,RST102,2024-10-13,4,false,Wrong order
REV0000300,RST102,2024-09-25,5,false,Love it!
REV0000301,RST102,2024-09-13,5,false,Good food!
REV0000302,RST102,2024-09-15,4,false,Wrong order
REV0000303,RST102,2024-09-07,4,false,Love it!
REV0000304,RST102,2024-10-13,4,false,Late delivery
REV0000305,RST102,2024-10-09,4,false,Excellent!
REV0000306,RST102,2024-10-10,4,false,Okay
REV0000307,RST102,2024-09-08,4,false,Late delivery
REV0000308,RST102,2024-09-27,5,false,Good food!
REV0000309,RST102,2024-10-05,4,false,Wrong order
REV0000310,RST102,2024-09-26,5,true,Love it!
REV0000311,RST102,2024-10-03,5,false,Bad experience
REV0000312,RST102,2024-10-07,4,false,Love it!
REV0000313,RST102,2024-09-05,4,true,Love it!
REV0000314,RST102,2024-09-25,4,false,Okay
REV0000315,RST102,2024-10-10,5,false,Okay
REV0000316,RST102,2024-09-29,5,false,Cold food
REV0000317,RST102,2024-10-06,3,true,Cold food
REV0000318,RST102,2024-09-13,4,false,Good food!
REV0000319,RST102,2024-09-19,4,false,Late delivery
REV0000320,RST102,2024-09-06,3,false,Wrong order
REV0000321,RST102,2024-10-01,4,false,Good food!
REV0000322,RST102,2024-10-04,5,false,Okay
REV0000323,RST102,2024-10-11,4,false,Late delivery
REV0000324,RST102,2024-09-09,4,false,Wrong order
REV0000325,RST102,2024-09-03,4,true,Good food!
REV0000326,RST102,2024-09-16,4,false,Wrong order
REV0000327,RST102,2024-09-15,4,false,Late delivery
REV0000328,RST102,2024-09-07,5,false,Good food!
REV0000329,RST102,2024-10-11,4,false,Bad experience
REV0000330,RST102,2024-09-16,4,false,Bad experience
REV0000331,RST102,2024-10-09,5,false,Bad experience
REV0000332,RST102,2024-10-05,5,false,Good food!
REV0000333,RST102,2024-09-26,5,false,Wrong order
REV0000334,RST102,2024-10-08,4,false,Love it!
REV0000335,RST102,2024-09-22,5,false,Love it!
REV0000336,RST102,2024-09-22,4,false,Good food!
REV0000337,RST102,2024-09-02,4,true,Late delivery
REV0000338,RST102,2024-09-20,4,false,Excellent!
REV0000339,RST102,2024-10-07,4,false,Bad experience
REV0000340,RST102,2024-09-10,4,false,Late delivery
REV0000341,RST102,2024-09-05,4,false,Good food!
REV0000342,RST102,2024-10-12,5,false,Late delivery
REV0000343,RST102,2024-09-19,5,false,Late delivery
REV0000344,RST102,2024-10-11,4,false,Love it!
REV0000345,RST102,2024-09-16,4,false,Cold food
REV0000346,RST102,2024-09-30,4,false,Excellent!
REV0000347,RST102,2024-10-07,4,false,Good food!
REV0000348,RST102,2024-09-11,4,false,Wrong order
REV0000349,RST102,2024-10-07,4,true,Excellent!
REV0000350,RST102,2024-10-12,4,false,Late delivery
REV0000351,RST102,2024-09-27,5,false,Love it!
REV0000352,RST102,2024-09-12,4,false,Cold food
REV0000353,RST102,2024-10-04,4,false,Late delivery
REV0000354,RST102,2024-10-12,3,false,Good food!
REV0000355,RST102,2024-09-09,4,false,Okay
REV0000356,RST102,2024-10-01,4,false,Excellent!
REV0000357,RST102,2024-09-05,5,false,Wrong order
REV0000358,RST102,2024-09-27,4,false,Okay
REV0000359,RST102,2024-10-09,4,false,Good food!
REV0000360,RST102,2024-10-04,5,false,Love it!
REV0000361,RST102,2024-09-15,4,false,Late delivery
REV0000362,RST102,2024-09-27,5,false,Excellent!
REV0000363,RST102,2024-09-28,4,false,Late delivery
REV0000364,RST102,2024-09-13,5,false,Cold food
REV0000365,RST102,2024-09-07,4,false,Late delivery
REV0000366,RST102,2024-09-22,3,false,Okay
REV0000367,RST102,2024-09-08,5,false,Late delivery
REV0000368,RST102,2024-09-04,4,false,Love it!
REV0000369,RST102,2024-09-03,5,false,Okay
REV0000370,RST102,2024-10-11,5,false,Love it!
REV0000371,RST102,2024-10-03,5,false,Excellent!
REV0000372,RST102,2024-09-04,5,false,Wrong order
REV0000373,RST102,2024-09-16,4,false,Bad experience
REV0000374,RST102,2024-09-25,5,false,Wrong order
REV0000375,RST102,2024-09-29,5,false,Excellent!
REV0000376,RST102,2024-09-30,5,false,Bad experience
REV0000377,RST102,2024-09-06,3,false,Good food!
REV0000378,RST102,2024-09-20,4,false,Bad experience
REV0000379,RST102,2024-09-03,4,false,Excellent!
REV0000380,RST102,2024-10-01,4,false,Cold food
REV0000381,RST102,2024-10-11,4,false,Late delivery
REV0000382,RST102,2024-09-14,4,false,Late delivery
REV0000383,RST102,2024-09-20,4,false,Late delivery
REV0000384,RST102,2024-09-20,4,false,Cold food
REV0000385,RST102,2024-09-18,4,false,Excellent!
REV0000386,RST102,2024-09-10,4,false,Love it!
REV0000387,RST102,2024-09-15,4,false,Cold food
REV0000388,RST102,2024-09-06,5,false,Love it!
REV0000389,RST102,2024-10-04,4,false,Okay
REV0000390,RST102,2024-09-01,4,false,Late delivery
REV0000391,RST102,2024-10-10,4,false,Cold food
REV0000392,RST102,2024-09-14,5,true,Love it!
REV0000393,RST102,2024-09-25,4,false,Late delivery
REV0000394,RST102,2024-09-25,4,false,Love it!
REV0000395,RST102,2024-10-06,4,false,Wrong order
REV0000396,RST102,2024-10-12,3,false,Bad experience
REV0000397,RST102,2024-09-09,3,false,Late delivery
REV0000398,RST102,2024-10-03,4,false,Love it!
REV0000399,RST102,2024-10-07,4,false,Excellent!
REV0000400,RST102,2024-09-17,4,false,Okay
REV0000401,RST102,2024-09-29,5,false,Bad experience
REV0000402,RST102,2024-09-11,5,false,Good food!
REV0000403,RST102,2024-10-07,4,false,Wrong order
REV0000404,RST102,2024-09-02,4,false,Late delivery
REV0000405,RST102,2024-09-27,5,false,Excellent!
REV0000406,RST102,2024-09-08,4,false,Wrong order
REV0000407,RST102,2024-09-13,5,false,Cold food
REV0000408,RST102,2024-09-25,4,false,Love it!
REV0000409,RST102,2024-09-16,4,false,Okay
REV0000410,RST102,2024-10-06,4,false,Okay
REV0000411,RST102,2024-10-03,5,false,Cold food
REV0000412,RST102,2024-09-20,4,false,Okay
REV0000413,RST102,2024-09-30,5,false,Love it!
REV0000414,RST102,2024-09-21,5,false,Okay
REV0000415,RST102,2024-09-25,5,false,Love it!
REV0000416,RST102,2024-09-21,4,false,Love it!
REV0000417,RST102,2024-09-30,5,false,Late delivery
REV0000418,RST102,2024-09-06,5,false,Wrong order
REV0000419,RST102,2024-09-03,4,false,Cold food
REV0000420,RST102,2024-09-22,4,false,Good food!
REV0000421,RST102,2024-10-19,2,false,Wrong order
REV0000422,RST102,2024-10-20,2,true,Okay
REV0000423,RST102,2024-10-16,2,true,Good food!
REV0000424,RST102,2024-10-17,3,true,Excellent!
REV0000425,RST102,2024-10-14,3,false,Good food!
REV0000426,RST102,2024-10-14,2,false,Good food!
REV0000427,RST102,2024-10-18,3,false,Bad experience
REV0000428,RST102,2024-10-19,2,true,Late delivery
REV0000429,RST102,2024-10-14,3,false,Good food!
REV0000430,RST102,2024-10-14,3,false,Excellent!
REV0000431,RST102,2024-10-14,3,false,Love it!
REV0000432,RST102,2024-10-19,3,false,Cold food
REV0000433,RST102,2024-10-15,3,true,Okay
REV0000434,RST102,2024-10-14,2,true,Okay
REV0000435,RST102,2024-10-21,2,false,Cold food
REV0000436,RST102,2024-10-19,2,false,Wrong order
REV0000437,RST102,2024-10-21,2,true,Good food!
REV0000438,RST102,2024-10-20,2,false,Late delivery
REV0000439,RST102,2024-10-15,2,false,Excellent!
REV0000440,RST102,2024-10-17,2,true,Love it!
REV0000441,RST102,2024-10-20,3,true,Bad experience
REV0000442,RST102,2024-10-21,3,false,Bad experience
REV0000443,RST102,2024-10-21,2,false,Excellent!
REV0000444,RST102,2024-10-16,3,false,Late delivery
REV0000445,RST102,2024-10-19,3,false,Bad experience
REV0000446,RST102,2024-10-15,2,false,Excellent!
REV0000447,RST102,2024-10-15,2,false,Bad experience
REV0000448,RST102,2024-10-21,2,true,Cold food
REV0000449,RST102,2024-10-21,2,true,Wrong order
REV0000450,RST102,2024-10-18,3,true,Late delivery
REV0000451,RST102,2024-10-20,1,false,Cold food
REV0000452,RST102,2024-10-15,3,true,Late delivery
REV0000453,RST102,2024-10-17,2,false,Late delivery
REV0000454,RST102,2024-10-18,2,false,Cold food
REV0000455,RST102,2024-10-15,2,false,Excellent!
REV0000456,RST102,2024-10-17,3,false,Wrong order
REV0000457,RST102,2024-10-15,3,true,Wrong order
REV0000458,RST102,2024-10-18,2,false,Love it!
REV0000459,RST102,2024-10-17,3,false,Wrong order
REV0000460,RST102,2024-10-17,1,true,Wrong order
REV0000461,RST102,2024-10-21,3,false,Cold food
REV0000462,RST102,2024-10-17,2,true,Excellent!
REV0000463,RST102,2024-10-18,2,false,Good food!
REV0000464,RST102,2024-10-16,3,false,Cold food
REV0000465,RST102,2024-10-19,2,false,Late delivery
REV0000466,RST102,2024-10-21,3,false,Good food!
REV0000467,RST102,2024-10-14,3,false,Late delivery
REV0000468,RST102,2024-10-18,2,true,Love it!
REV0000469,RST102,2024-10-15,2,true,Late delivery
REV0000470,RST102,2024-10-14,3,true,Okay
REV0000471,RST102,2024-10-20,2,false,Love it!
REV0000472,RST102,2024-10-16,2,true,Cold food
REV0000473,RST102,2024-10-16,2,false,Okay
REV0000474,RST102,2024-10-19,2,true,Cold food
REV0000475,RST102,2024-10-18,2,true,Love it!
REV0000476,RST102,2024-10-17,3,true,Okay
REV0000477,RST102,2024-10-21,3,true,Wrong order
REV0000478,RST102,2024-10-14,2,true,Bad experience
REV0000479,RST102,2024-10-19,2,false,Good food!
REV0000480,RST102,2024-10-14,2,true,Bad experience
REV0000481,RST103,2024-09-02,4,false,Love it!
REV0000482,RST103,2024-09-02,4,false,Bad experience
REV0000483,RST103,2024-09-12,5,false,Excellent!
REV0000484,RST103,2024-10-04,4,false,Good food!
REV0000485,RST103,2024-09-10,4,false,Okay
REV0000486,RST103,2024-09-27,5,false,Excellent!
REV0000487,RST103,2024-09-25,4,false,Wrong order
REV0000488,RST103,2024-09-18,5,false,Excellent!
REV0000489,RST103,2024-10-03,4,false,Cold food
REV0000490,RST103,2024-10-02,5,false,Bad experience
REV0000491,RST103,2024-10-11,5,false,Okay
REV0000492,RST103,2024-09-29,4,false,Love it!
REV0000493,RST103,2024-09-20,4,false,Excellent!
REV0000494,RST103,2024-09-09,5,false,Good food!
REV0000495,RST103,2024-09-17,4,false,Okay
REV0000496,RST103,2024-09-06,5,false,Wrong order
REV0000497,RST103,2024-09-12,4,false,Okay
REV0000498,RST103,2024-09-07,4,false,Bad experience
REV0000499,RST103,2024-10-01,4,false,Late delivery
REV0000500,RST103,2024-09-18,4,false,Bad experience
REV0000501,RST103,2024-10-13,4,false,Good food!
REV0000502,RST103,2024-10-08,4,false,Late delivery
REV0000503,RST103,2024-09-02,4,false,Wrong order
REV0000504,RST103,2024-10-02,5,false,Love it!
REV0000505,RST103,2024-09-04,5,false,Love it!
REV0000506,RST103,2024-09-29,4,false,Excellent!
REV0000507,RST103,2024-09-12,5,false,Okay
REV0000508,RST103,2024-10-01,4,false,Excellent!
REV0000509,RST103,2024-09-26,5,false,Excellent!
REV0000510,RST103,2024-09-27,5,false,Love it!
REV0000511,RST103,2024-09-21,4,false,Late delivery
REV0000512,RST103,2024-09-19,4,false,Good food!
REV0000513,RST103,2024-10-04,5,false,Bad experience
REV0000514,RST103,2024-10-10,5,true,Love it!
REV0000515,RST103,2024-10-13,4,false,Excellent!
REV0000516,RST103,2024-09-28,4,false,Cold food
REV0000517,RST103,2024-09-07,3,false,Good food!
REV0000518,RST103,2024-10-10,4,false,Cold food
REV0000519,RST103,2024-09-07,5,false,Wrong order
REV0000520,RST103,2024-09-12,4,false,Late delivery
REV0000521,RST103,2024-09-09,4,false,Okay
REV0000522,RST103,2024-09-10,5,false,Okay
REV0000523,RST103,2024-10-02,3,false,Good food!
REV0000524,RST103,2024-09-21,4,false,Good food!
REV0000525,RST103,2024-09-09,5,false,Bad experience
REV0000526,RST103,2024-09-08,4,false,Late delivery
REV0000527,RST103,2024-10-03,4,false,Cold food
REV0000528,RST103,2024-09-03,4,false,Excellent!
REV0000529,RST103,2024-09-29,5,false,Okay
REV0000530,RST103,2024-09-29,4,false,Good food!
REV0000531,RST103,2024-09-19,4,false,Good food!
REV0000532,RST103,2024-10-09,4,false,Wrong order
REV0000533,RST103,2024-10-13,4,false,Good food!
REV0000534,RST103,2024-09-27,4,false,Excellent!
REV0000535,RST103,2024-10-10,4,false,Cold food
REV0000536,RST103,2024-10-04,4,false,Bad experience
REV0000537,RST103,2024-09-14,5,false,Okay
REV0000538,RST103,2024-10-03,5,false,Okay
REV0000539,RST103,2024-09-28,4,false,Bad experience
REV0000540,RST103,2024-09-04,4,false,Excellent!
REV0000541,RST103,2024-09-20,4,false,Cold food
REV0000542,RST103,2024-10-09,5,false,Love it!
REV0000543,RST103,2024-09-02,4,false,Cold food
REV0000544,RST103,2024-09-27,4,false,Love it!
REV0000545,RST103,2024-09-19,3,false,Bad experience
REV0000546,RST103,2024-09-12,5,false,Excellent!
REV0000547,RST103,2024-09-20,3,false,Wrong order
REV0000548,RST103,2024-10-04,5,false,Wrong order
REV0000549,RST103,2024-09-03,4,false,Good food!
REV0000550,RST103,2024-10-07,4,false,Late delivery
REV0000551,RST103,2024-09-06,4,false,Late delivery
REV0000552,RST103,2024-09-22,4,false,Wrong order
REV0000553,RST103,2024-10-12,4,false,Excellent!
REV0000554,RST103,2024-09-03,4,false,Late delivery
REV0000555,RST103,2024-09-25,4,false,Cold food
REV0000556,RST103,2024-09-01,4,false,Bad experience
REV0000557,RST103,2024-10-02,4,false,Cold food
REV0000558,RST103,2024-09-14,4,false,Love it!
REV0000559,RST103,2024-09-02,4,false,Excellent!
REV0000560,RST103,2024-09-16,4,false,Bad experience
REV0000561,RST103,2024-09-17,5,false,Good food!
REV0000562,RST103,2024-09-05,4,false,Good food!
REV0000563,RST103,2024-09-09,4,false,Okay
REV0000564,RST103,2024-09-17,5,false,Love it!
REV0000565,RST103,2024-10-01,4,false,Wrong order
REV0000566,RST103,2024-09-05,5,false,Excellent!
REV0000567,RST103,2024-09-22,4,false,Wrong order
REV0000568,RST103,2024-09-18,4,false,Wrong order
REV0000569,RST103,2024-10-13,4,false,Okay
REV0000570,RST103,2024-10-03,4,false,Good food!
REV0000571,RST103,2024-10-10,4,false,Late delivery
REV0000572,RST103,2024-09-18,4,false,Okay
REV0000573,RST103,2024-09-30,5,false,Bad experience
REV0000574,RST103,2024-10-02,4,false,Wrong order
REV0000575,RST103,2024-09-20,4,false,Bad experience
REV0000576,RST103,2024-09-21,5,false,Bad experience
REV0000577,RST103,2024-09-05,5,false,Love it!
REV0000578,RST103,2024-10-04,5,false,Good food!
REV0000579,RST103,2024-09-08,4,false,Excellent!
REV0000580,RST103,2024-09-21,4,false,Love it!
REV0000581,RST103,2024-09-15,4,false,Excellent!
REV0000582,RST103,2024-09-24,4,false,Late delivery
REV0000583,RST103,2024-09-01,4,false,Okay
REV0000584,RST103,2024-10-03,4,false,Wrong order
REV0000585,RST103,2024-09-25,4,false,Okay
REV0000586,RST103,2024-09-03,4,false,Bad experience
REV0000587,RST103,2024-10-11,4,false,Late delivery
REV0000588,RST103,2024-09-01,4,false,Bad experience
REV0000589,RST103,2024-09-11,5,false,Cold food
REV0000590,RST103,2024-10-02,4,false,Love it!
REV0000591,RST103,2024-10-11,4,true,Okay
REV0000592,RST103,2024-10-08,5,false,Cold food
REV0000593,RST103,2024-10-11,5,false,Excellent!
REV0000594,RST103,2024-09-15,5,false,Good food!
REV0000595,RST103,2024-09-23,4,false,Cold food
REV0000596,RST103,2024-09-12,4,false,Late delivery
REV0000597,RST103,2024-09-08,5,false,Cold food
REV0000598,RST103,2024-09-01,3,true,Wrong order
REV0000599,RST103,2024-09-12,4,false,Wrong order
REV0000600,RST103,2024-09-03,4,false,Good food!
REV0000601,RST103,2024-10-07,4,false,Cold food
REV0000602,RST103,2024-09-19,4,false,Late delivery
REV0000603,RST103,2024-09-29,5,false,Excellent!
REV0000604,RST103,2024-10-01,5,false,Wrong order
REV0000605,RST103,2024-09-17,5,false,Late delivery
REV0000606,RST103,2024-09-08,3,false,Good food!
REV0000607,RST103,2024-10-07,5,false,Love it!
REV0000608,RST103,2024-10-03,4,false,Okay
REV0000609,RST103,2024-09-30,4,false,Good food!
REV0000610,RST103,2024-09-08,3,false,Good food!
REV0000611,RST103,2024-09-23,5,false,Okay
REV0000612,RST103,2024-09-01,4,false,Good food!
REV0000613,RST103,2024-09-09,4,false,Okay
REV0000614,RST103,2024-09-10,3,false,Excellent!
REV0000615,RST103,2024-09-06,4,false,Excellent!
REV0000616,RST103,2024-10-11,3,false,Love it!
REV0000617,RST103,2024-09-20,4,false,Excellent!
REV0000618,RST103,2024-09-27,5,false,Late delivery
REV0000619,RST103,2024-09-18,4,true,Cold food
REV0000620,RST103,2024-09-01,5,false,Late delivery
REV0000621,RST103,2024-09-14,4,false,Bad experience
REV0000622,RST103,2024-10-03,3,false,Late delivery
REV0000623,RST103,2024-09-02,4,false,Good food!
REV0000624,RST103,2024-09-12,4,false,Good food!
REV0000625,RST103,2024-09-15,3,false,Wrong order
REV0000626,RST103,2024-09-14,4,false,Excellent!
REV0000627,RST103,2024-09-22,5,false,Bad experience
REV0000628,RST103,2024-09-26,4,false,Love it!
REV0000629,RST103,2024-09-28,5,false,Cold food
REV0000630,RST103,2024-09-23,5,false,Late delivery
REV0000631,RST103,2024-10-04,4,false,Bad experience
REV0000632,RST103,2024-10-09,4,false,Good food!
REV0000633,RST103,2024-10-11,5,false,Late delivery
REV0000634,RST103,2024-09-19,4,false,Love it!
REV0000635,RST103,2024-10-08,4,false,Good food!
REV0000636,RST103,2024-09-06,4,false,Okay
REV0000637,RST103,2024-10-11,4,false,Bad experience
REV0000638,RST103,2024-09-24,5,false,Okay
REV0000639,RST103,2024-09-30,4,false,Good food!
REV0000640,RST103,2024-10-06,5,false,Good food!
REV0000641,RST103,2024-10-02,5,false,Excellent!
REV0000642,RST103,2024-09-25,4,false,Okay
REV0000643,RST103,2024-09-02,4,false,Good food!
REV0000644,RST103,2024-10-03,4,false,Excellent!
REV0000645,RST103,2024-09-07,4,false,Wrong order
REV0000646,RST103,2024-09-26,4,false,Okay
REV0000647,RST103,2024-09-30,5,false,Bad experience
REV0000648,RST103,2024-09-16,4,false,Bad experience
REV0000649,RST103,2024-10-13,4,false,Love it!
REV0000650,RST103,2024-09-03,4,false,Bad experience
REV0000651,RST103,2024-09-06,4,false,Cold food
REV0000652,RST103,2024-10-05,5,false,Love it!
REV0000653,RST103,2024-09-11,4,false,Cold food
REV0000654,RST103,2024-09-28,4,false,Excellent!
REV0000655,RST103,2024-09-08,4,false,Okay
REV0000656,RST103,2024-09-25,4,false,Late delivery
REV0000657,RST103,2024-09-06,5,false,Wrong order
REV0000658,RST103,2024-09-06,3,false,Bad experience
REV0000659,RST103,2024-09-21,4,false,Good food!
REV0000660,RST103,2024-09-02,4,false,Okay
REV0000661,RST103,2024-10-17,3,true,Excellent!
REV0000662,RST103,2024-10-16,2,false,Love it!
REV0000663,RST103,2024-10-15,2,false,Okay
REV0000664,RST103,2024-10-20,2,false,Good food!
REV0000665,RST103,2024-10-18,3,false,Love it!
REV0000666,RST103,2024-10-18,2,false,Wrong order
REV0000667,RST103,2024-10-16,3,false,Wrong order
REV0000668,RST103,2024-10-19,3,false,Good food!
REV0000669,RST103,2024-10-14,3,true,Cold food
REV0000670,RST103,2024-10-21,2,true,Good food!
REV0000671,RST103,2024-10-18,2,false,Cold food
REV0000672,RST103,2024-10-19,2,false,Excellent!
REV0000673,RST103,2024-10-17,3,false,Wrong order
REV0000674,RST103,2024-10-21,2,false,Wrong order
REV0000675,RST103,2024-10-21,3,true,Good food!
REV0000676,RST103,2024-10-18,2,true,Good food!
REV0000677,RST103,2024-10-16,3,false,Late delivery
REV0000678,RST103,2024-10-20,2,false,Late delivery
REV0000679,RST103,2024-10-21,2,true,Excellent!
REV0000680,RST103,2024-10-14,2,true,Bad experience
REV0000681,RST103,2024-10-17,2,true,Excellent!
REV0000682,RST103,2024-10-15,3,false,Late delivery
REV0000683,RST103,2024-10-18,2,false,Cold food
REV0000684,RST103,2024-10-14,2,false,Late delivery
REV0000685,RST103,2024-10-17,2,false,Wrong order
REV0000686,RST103,2024-10-15,3,true,Cold food
REV0000687,RST103,2024-10-18,3,false,Good food!
REV0000688,RST103,2024-10-16,2,true,Late delivery
REV0000689,RST103,2024-10-16,2,true,Excellent!
REV0000690,RST103,2024-10-17,3,false,Love it!
REV0000691,RST103,2024-10-18,2,false,Excellent!
REV0000692,RST103,2024-10-20,3,false,Late delivery
REV0000693,RST103,2024-10-19,3,false,Good food!
REV0000694,RST103,2024-10-17,2,false,Okay
REV0000695,RST103,2024-10-21,2,false,Late delivery
REV0000696,RST103,2024-10-18,3,false,Late delivery
REV0000697,RST103,2024-10-16,2,true,Good food!
REV0000698,RST103,2024-10-17,2,false,Wrong order
REV0000699,RST103,2024-10-20,2,false,Love it!
REV0000700,RST103,2024-10-15,3,true,Love it!
REV0000701,RST103,2024-10-20,2,true,Wrong order
REV0000702,RST103,2024-10-21,2,false,Cold food
REV0000703,RST103,2024-10-20,2,false,Excellent!
REV0000704,RST103,2024-10-20,2,true,Bad experience
REV0000705,RST103,2024-10-21,2,false,Bad experience
REV0000706,RST103,2024-10-21,2,true,Good food!
REV0000707,RST103,2024-10-14,3,true,Love it!
REV0000708,RST103,2024-10-16,3,true,Good food!
REV0000709,RST103,2024-10-21,3,false,Excellent!
REV0000710,RST103,2024-10-21,3,false,Late delivery
REV0000711,RST103,2024-10-16,2,true,Okay
REV0000712,RST103,2024-10-21,3,true,Good food!
REV0000713,RST103,2024-10-19,2,false,Okay
REV0000714,RST103,2024-10-16,3,true,Bad experience
REV0000715,RST103,2024-10-17,3,true,Okay
REV0000716,RST103,2024-10-21,3,false,Wrong order
REV0000717,RST103,2024-10-14,4,false,Wrong order
REV0000718,RST103,2024-10-19,2,true,Bad experience
REV0000719,RST103,2024-10-20,2,false,Good food!
REV0000720,RST103,2024-10-21,2,false,Cold food
REV0000721,RST104,2024-09-29,4,false,Cold food
REV0000722,RST104,2024-09-27,4,false,Late delivery
REV0000723,RST104,2024-09-23,4,false,Late delivery
REV0000724,RST104,2024-10-07,4,false,Excellent!
REV0000725,RST104,2024-09-30,5,false,Love it!
REV0000726,RST104,2024-10-02,4,false,Bad experience
REV0000727,RST104,2024-10-19,4,false,Okay
REV0000728,RST104,2024-10-08,4,false,Excellent!
REV0000729,RST104,2024-09-13,3,false,Cold food
REV0000730,RST104,2024-10-10,5,false,Love it!
REV0000731,RST104,2024-09-10,4,false,Bad experience
REV0000732,RST104,2024-09-12,4,false,Love it!
REV0000733,RST104,2024-09-11,4,false,Good food!
REV0000734,RST104,2024-09-10,4,false,Okay
REV0000735,RST104,2024-09-26,4,false,Late delivery
REV0000736,RST104,2024-10-03,4,false,Bad experience
REV0000737,RST104,2024-09-08,5,false,Wrong order
REV0000738,RST104,2024-10-16,4,false,Bad experience
REV0000739,RST104,2024-09-06,5,false,Cold food
REV0000740,RST104,2024-09-10,4,false,Good food!
REV0000741,RST104,2024-09-07,5,false,Okay
REV0000742,RST104,2024-09-03,4,false,Excellent!
REV0000743,RST104,2024-09-25,5,false,Good food!
REV0000744,RST104,2024-09-19,5,false,Bad experience
REV0000745,RST104,2024-10-16,4,false,Okay
REV0000746,RST104,2024-09-24,5,false,Late delivery
REV0000747,RST104,2024-09-12,5,false,Okay
REV0000748,RST104,2024-09-24,4,false,Love it!
REV0000749,RST104,2024-10-21,5,false,Okay
REV0000750,RST104,2024-10-12,4,false,Good food!
REV0000751,RST104,2024-09-02,4,false,Love it!
REV0000752,RST104,2024-10-16,4,false,Love it!
REV0000753,RST104,2024-09-22,5,false,Good food!
REV0000754,RST104,2024-09-21,4,false,Okay
REV0000755,RST104,2024-10-12,5,false,Okay
REV0000756,RST104,2024-09-15,4,false,Bad experience
REV0000757,RST104,2024-09-02,5,false,Bad experience
REV0000758,RST104,2024-10-02,4,false,Late delivery
REV0000759,RST104,2024-09-14,4,false,Excellent!
REV0000760,RST104,2024-09-18,5,false,Love it!
REV0000761,RST104,2024-09-18,4,false,Good food!
REV0000762,RST104,2024-09-23,4,false,Cold food
REV0000763,RST104,2024-10-13,4,false,Late delivery
REV0000764,RST104,2024-10-04,5,false,Love it!
REV0000765,RST104,2024-09-14,4,false,Love it!
REV0000766,RST104,2024-09-24,4,false,Good food!
REV0000767,RST104,2024-09-10,4,true,Late delivery
REV0000768,RST104,2024-09-12,4,false,Excellent!
REV0000769,RST104,2024-10-19,4,false,Cold food
REV0000770,RST104,2024-10-17,5,false,Late delivery
REV0000771,RST104,2024-10-07,5,false,Late delivery
REV0000772,RST104,2024-09-25,4,false,Good food!
REV0000773,RST104,2024-10-07,4,false,Love it!
REV0000774,RST104,2024-09-09,3,false,Good food!
REV0000775,RST104,2024-09-09,5,false,Late delivery
REV0000776,RST104,2024-09-08,4,false,Wrong order
REV0000777,RST104,2024-10-16,4,false,Good food!
REV0000778,RST104,2024-09-01,5,false,Love it!
REV0000779,RST104,2024-09-12,5,false,Good food!
REV0000780,RST104,2024-10-12,4,false,Excellent!
REV0000781,RST104,2024-09-24,5,false,Bad experience
REV0000782,RST104,2024-09-26,5,false,Love it!
REV0000783,RST104,2024-09-01,3,false,Wrong order
REV0000784,RST104,2024-10-10,4,false,Wrong order
REV0000785,RST104,2024-09-16,4,false,Late delivery
REV0000786,RST104,2024-09-16,5,false,Okay
REV0000787,RST104,2024-09-14,5,false,Wrong order
REV0000788,RST104,2024-10-16,5,false,Bad experience
REV0000789,RST104,2024-10-17,5,false,Cold food
REV0000790,RST104,2024-10-20,5,false,Cold food
REV0000791,RST104,2024-10-07,4,false,Bad experience
REV0000792,RST104,2024-09-06,5,false,Love it!
REV0000793,RST104,2024-10-06,5,false,Late delivery
REV0000794,RST104,2024-10-05,5,false,Excellent!
REV0000795,RST104,2024-09-19,4,false,Love it!
REV0000796,RST104,2024-09-13,4,false,Bad experience
REV0000797,RST104,2024-09-01,4,false,Bad experience
REV0000798,RST104,2024-09-15,5,false,Wrong order
REV0000799,RST104,2024-09-14,5,false,Love it!
REV0000800,RST104,2024-09-13,4,false,Good food!
REV0000801,RST104,2024-09-26,4,false,Late delivery
REV0000802,RST104,2024-09-19,4,false,Wrong order
REV0000803,RST104,2024-10-04,5,false,Bad experience
REV0000804,RST104,2024-09-23,3,false,Excellent!
REV0000805,RST104,2024-09-17,4,false,Excellent!
REV0000806,RST104,2024-09-14,4,false,Late delivery
REV0000807,RST104,2024-09-01,4,false,Cold food
REV0000808,RST104,2024-09-25,5,false,Wrong order
REV0000809,RST104,2024-10-19,4,false,Wrong order
REV0000810,RST104,2024-09-18,5,false,Excellent!
REV0000811,RST104,2024-10-13,4,false,Late delivery
REV0000812,RST104,2024-10-07,4,false,Okay
REV0000813,RST104,2024-09-21,5,false,Bad experience
REV0000814,RST104,2024-10-01,4,false,Excellent!
REV0000815,RST104,2024-10-02,5,false,Okay
REV0000816,RST104,2024-10-13,5,false,Love it!
REV0000817,RST104,2024-09-28,5,true,Love it!
REV0000818,RST104,2024-09-12,5,false,Excellent!
REV0000819,RST104,2024-09-13,4,false,Excellent!
REV0000820,RST104,2024-10-10,4,false,Bad experience
REV0000821,RST104,2024-09-11,4,false,Love it!
REV0000822,RST104,2024-09-08,5,false,Good food!
REV0000823,RST104,2024-09-01,4,false,Cold food
REV0000824,RST104,2024-10-06,5,false,Wrong order
REV0000825,RST104,2024-09-02,4,false,Wrong order
REV0000826,RST104,2024-09-11,4,false,Wrong order
REV0000827,RST104,2024-09-23,4,false,Excellent!
REV0000828,RST104,2024-10-20,5,false,Okay
REV0000829,RST104,2024-10-14,4,false,Wrong order
REV0000830,RST104,2024-10-02,5,false,Wrong order
REV0000831,RST104,2024-10-08,5,false,Late delivery
REV0000832,RST104,2024-09-02,4,true,Wrong order
REV0000833,RST104,2024-09-11,4,false,Okay
REV0000834,RST104,2024-09-30,4,false,Good food!
REV0000835,RST104,2024-09-22,4,false,Excellent!
REV0000836,RST104,2024-09-14,4,false,Cold food
REV0000837,RST104,2024-09-15,4,false,Cold food
REV0000838,RST104,2024-10-12,5,false,Cold food
REV0000839,RST104,2024-09-01,4,false,Late delivery
REV0000840,RST104,2024-10-21,5,false,Love it!
REV0000841,RST105,2024-10-05,4,true,Okay
REV0000842,RST105,2024-10-07,5,false,Cold food
REV0000843,RST105,2024-10-05,4,false,Wrong order
REV0000844,RST105,2024-09-09,5,false,Love it!
REV0000845,RST105,2024-09-25,4,false,Bad experience
REV0000846,RST105,2024-10-15,4,false,Excellent!
REV0000847,RST105,2024-09-08,5,false,Cold food
REV0000848,RST105,2024-09-16,5,false,Bad experience
REV0000849,RST105,2024-09-16,4,false,Cold food
REV0000850,RST105,2024-10-19,4,false,Okay
REV0000851,RST105,2024-10-09,4,false,Good food!
REV0000852,RST105,2024-09-18,4,false,Wrong order
REV0000853,RST105,2024-10-07,5,false,Love it!
REV0000854,RST105,2024-10-11,4,false,Okay
REV0000855,RST105,2024-09-20,5,false,Okay
REV0000856,RST105,2024-10-14,4,false,Okay
REV0000857,RST105,2024-10-02,5,false,Bad experience
REV0000858,RST105,2024-09-04,5,false,Late delivery
REV0000859,RST105,2024-10-09,5,false,Cold food
REV0000860,RST105,2024-09-15,4,false,Good food!
REV0000861,RST105,2024-09-26,5,false,Late delivery
REV0000862,RST105,2024-10-11,3,false,Wrong order
REV0000863,RST105,2024-09-13,4,false,Late delivery
REV0000864,RST105,2024-09-24,5,false,Love it!
REV0000865,RST105,2024-09-27,4,false,Excellent!
REV0000866,RST105,2024-10-13,5,false,Bad experience
REV0000867,RST105,2024-09-04,4,false,Late delivery
REV0000868,RST105,2024-09-08,4,false,Okay
REV0000869,RST105,2024-10-10,4,false,Wrong order
REV0000870,RST105,2024-10-17,5,false,Okay
REV0000871,RST105,2024-10-13,4,false,Love it!
REV0000872,RST105,2024-10-12,4,false,Excellent!
REV0000873,RST105,2024-10-06,5,false,Bad experience
REV0000874,RST105,2024-09-17,5,true,Cold food
REV0000875,RST105,2024-10-15,5,false,Late delivery
REV0000876,RST105,2024-09-01,5,false,Good food!
REV0000877,RST105,2024-10-06,5,false,Wrong order
REV0000878,RST105,2024-09-25,5,false,Excellent!
REV0000879,RST105,2024-10-07,4,false,Late delivery
REV0000880,RST105,2024-10-12,4,false,Okay
REV0000881,RST105,2024-09-21,5,false,Excellent!
REV0000882,RST105,2024-09-16,5,false,Cold food
REV0000883,RST105,2024-10-12,5,false,Excellent!
REV0000884,RST105,2024-10-05,4,false,Good food!
REV0000885,RST105,2024-09-02,5,false,Cold food
REV0000886,RST105,2024-10-09,4,false,Cold food
REV0000887,RST105,2024-09-01,4,false,Late delivery
REV0000888,RST105,2024-10-09,5,false,Good food!
REV0000889,RST105,2024-09-13,5,false,Love it!
REV0000890,RST105,2024-10-01,4,false,Wrong order
REV0000891,RST105,2024-09-25,4,false,Good food!
REV0000892,RST105,2024-10-16,4,false,Okay
REV0000893,RST105,2024-09-01,4,false,Love it!
REV0000894,RST105,2024-09-18,5,true,Late delivery
REV0000895,RST105,2024-09-04,4,false,Bad experience
REV0000896,RST105,2024-10-10,4,false,Late delivery
REV0000897,RST105,2024-09-02,5,false,Cold food
REV0000898,RST105,2024-10-05,3,false,Good food!
REV0000899,RST105,2024-10-17,4,false,Okay
REV0000900,RST105,2024-10-16,4,false,Good food!
REV0000901,RST105,2024-09-06,3,false,Love it!
REV0000902,RST105,2024-10-17,4,false,Excellent!
REV0000903,RST105,2024-10-07,5,false,Late delivery
REV0000904,RST105,2024-10-21,4,false,Love it!
REV0000905,RST105,2024-10-04,4,true,Love it!
REV0000906,RST105,2024-10-16,4,false,Good food!
REV0000907,RST105,2024-09-12,5,true,Good food!
REV0000908,RST105,2024-09-02,5,false,Late delivery
REV0000909,RST105,2024-09-30,4,false,Wrong order
REV0000910,RST105,2024-09-21,4,false,Late delivery
REV0000911,RST105,2024-09-06,4,false,Late delivery
REV0000912,RST105,2024-09-11,4,false,Bad experience
REV0000913,RST105,2024-09-27,5,false,Cold food
REV0000914,RST105,2024-09-29,5,false,Excellent!
REV0000915,RST105,2024-09-20,5,false,Cold food
REV0000916,RST105,2024-09-04,5,false,Wrong order
REV0000917,RST105,2024-09-23,3,false,Late delivery
REV0000918,RST105,2024-09-12,4,false,Excellent!
REV0000919,RST105,2024-09-23,3,false,Okay
REV0000920,RST105,2024-09-06,4,false,Late delivery
REV0000921,RST105,2024-09-17,3,true,Late delivery
REV0000922,RST105,2024-10-13,4,false,Cold food
REV0000923,RST105,2024-10-15,5,false,Excellent!
REV0000924,RST105,2024-09-20,3,false,Love it!
REV0000925,RST105,2024-09-11,4,false,Late delivery
REV0000926,RST105,2024-09-27,3,false,Bad experience
REV0000927,RST105,2024-10-20,5,false,Cold food
REV0000928,RST105,2024-09-30,4,false,Love it!
REV0000929,RST105,2024-10-18,4,false,Excellent!
REV0000930,RST105,2024-10-12,5,false,Cold food
REV0000931,RST105,2024-09-16,5,false,Bad experience
REV0000932,RST105,2024-09-01,5,false,Okay
REV0000933,RST105,2024-10-21,4,false,Okay
REV0000934,RST105,2024-10-19,4,false,Bad experience
REV0000935,RST105,2024-09-29,4,false,Love it!
REV0000936,RST105,2024-10-18,4,false,Late delivery
REV0000937,RST105,2024-10-07,4,false,Love it!
REV0000938,RST105,2024-09-27,5,false,Good food!
REV0000939,RST105,2024-09-23,5,false,Bad experience
REV0000940,RST105,2024-09-12,5,false,Okay
REV0000941,RST105,2024-09-22,3,false,Love it!
REV0000942,RST105,2024-09-07,4,false,Excellent!
REV0000943,RST105,2024-09-09,5,false,Late delivery
REV0000944,RST105,2024-10-13,3,false,Wrong order
REV0000945,RST105,2024-09-14,5,false,Cold food
REV0000946,RST105,2024-09-04,5,false,Good food!
REV0000947,RST105,2024-09-03,4,false,Bad experience
REV0000948,RST105,2024-10-17,5,false,Bad experience
REV0000949,RST105,2024-09-07,3,false,Okay
REV0000950,RST105,2024-09-15,4,false,Late delivery
REV0000951,RST105,2024-09-22,4,false,Love it!
REV0000952,RST105,2024-09-12,5,false,Bad experience
REV0000953,RST105,2024-09-22,4,false,Good food!
REV0000954,RST105,2024-09-16,5,false,Wrong order
REV0000955,RST105,2024-09-08,4,false,Love it!
REV0000956,RST105,2024-09-17,5,false,Bad experience
REV0000957,RST105,2024-10-19,5,false,Good food!
REV0000958,RST105,2024-10-16,4,false,Wrong order
REV0000959,RST105,2024-09-11,5,false,Cold food
REV0000960,RST105,2024-09-30,5,true,Wrong order
REV0000961,RST106,2024-09-06,5,false,Okay
REV0000962,RST106,2024-09-22,3,false,Late delivery
REV0000963,RST106,2024-09-09,5,false,Late delivery
REV0000964,RST106,2024-10-05,4,false,Good food!
REV0000965,RST106,2024-09-19,5,false,Late delivery
REV0000966,RST106,2024-10-08,4,false,Excellent!
REV0000967,RST106,2024-10-15,4,false,Love it!
REV0000968,RST106,2024-10-18,4,false,Love it!
REV0000969,RST106,2024-09-10,4,false,Late delivery
REV0000970,RST106,2024-10-02,5,false,Wrong order
REV0000971,RST106,2024-09-03,4,false,Bad experience
REV0000972,RST106,2024-10-15,5,false,Bad experience
REV0000973,RST106,2024-09-22,3,false,Wrong order
REV0000974,RST106,2024-09-14,5,false,Cold food
REV0000975,RST106,2024-09-09,5,false,Bad experience
REV0000976,RST106,2024-09-06,5,false,Love it!
REV0000977,RST106,2024-09-20,4,false,Okay
REV0000978,RST106,2024-09-06,5,false,Bad experience
REV0000979,RST106,2024-10-11,4,false,Okay
REV0000980,RST106,2024-09-09,3,false,Wrong order
REV0000981,RST106,2024-09-29,4,false,Good food!
REV0000982,RST106,2024-10-17,4,false,Bad experience
REV0000983,RST106,2024-09-28,4,false,Late delivery
REV0000984,RST106,2024-10-17,4,false,Bad experience
REV0000985,RST106,2024-10-19,5,false,Cold food
REV0000986,RST106,2024-09-05,3,false,Late delivery
REV0000987,RST106,2024-09-02,5,false,Cold food
REV0000988,RST106,2024-09-22,4,false,Cold food
REV0000989,RST106,2024-09-20,3,false,Love it!
REV0000990,RST106,2024-10-16,4,false,Cold food
REV0000991,RST106,2024-09-13,4,false,Wrong order
REV0000992,RST106,2024-09-09,4,false,Good food!
REV0000993,RST106,2024-10-07,5,true,Okay
REV0000994,RST106,2024-10-21,4,false,Excellent!
REV0000995,RST106,2024-09-18,4,false,Bad experience
REV0000996,RST106,2024-10-20,4,false,Love it!
REV0000997,RST106,2024-09-23,3,false,Good food!
REV0000998,RST106,2024-10-07,5,false,Wrong order
REV0000999,RST106,2024-10-06,4,false,Late delivery
REV0001000,RST106,2024-09-11,4,false,Excellent!
REV0001001,RST106,2024-09-22,4,false,Late delivery
REV0001002,RST106,2024-09-05,4,false,Excellent!
REV0001003,RST106,2024-10-14,5,false,Wrong order
REV0001004,RST106,2024-09-10,4,false,Excellent!
REV0001005,RST106,2024-10-14,4,false,Bad experience
REV0001006,RST106,2024-10-21,5,false,Excellent!
REV0001007,RST106,2024-10-05,4,false,Excellent!
REV0001008,RST106,2024-09-20,5,false,Late delivery
REV0001009,RST106,2024-10-15,4,false,Wrong order
REV0001010,RST106,2024-10-10,5,false,Late delivery
REV0001011,RST106,2024-09-17,5,false,Good food!
REV0001012,RST106,2024-09-13,5,false,Late delivery
REV0001013,RST106,2024-09-18,4,false,Excellent!
REV0001014,RST106,2024-10-13,5,false,Wrong order
REV0001015,RST106,2024-09-14,4,false,Wrong order
REV0001016,RST106,2024-09-22,4,false,Late delivery
REV0001017,RST106,2024-09-14,3,true,Love it!
REV0001018,RST106,2024-10-21,5,false,Good food!
REV0001019,RST106,2024-09-04,5,false,Cold food
REV0001020,RST106,2024-09-16,4,false,Good food!
REV0001021,RST106,2024-09-17,4,false,Bad experience
REV0001022,RST106,2024-09-22,5,false,Good food!
REV0001023,RST106,2024-10-07,5,false,Good food!
REV0001024,RST106,2024-10-06,5,false,Late delivery
REV0001025,RST106,2024-10-03,4,false,Okay
REV0001026,RST106,2024-09-01,4,false,Excellent!
REV0001027,RST106,2024-10-05,4,true,Cold food
REV0001028,RST106,2024-09-26,4,false,Okay
REV0001029,RST106,2024-09-07,4,false,Okay
REV0001030,RST106,2024-09-26,4,false,Love it!
REV0001031,RST106,2024-09-11,5,false,Love it!
REV0001032,RST106,2024-09-11,5,false,Wrong order
REV0001033,RST106,2024-09-20,4,false,Excellent!
REV0001034,RST106,2024-09-18,5,false,Love it!
REV0001035,RST106,2024-09-23,5,false,Bad experience
REV0001036,RST106,2024-09-22,5,false,Cold food
REV0001037,RST106,2024-09-05,4,false,Excellent!
REV0001038,RST106,2024-09-21,5,false,Okay
REV0001039,RST106,2024-09-01,5,false,Excellent!
REV0001040,RST106,2024-10-06,5,false,Late delivery
REV0001041,RST106,2024-09-09,5,false,Good food!
REV0001042,RST106,2024-09-04,4,false,Good food!
REV0001043,RST106,2024-09-02,5,false,Wrong order
REV0001044,RST106,2024-09-10,4,false,Wrong order
REV0001045,RST106,2024-10-16,5,false,Bad experience
REV0001046,RST106,2024-09-28,4,false,Bad experience
REV0001047,RST106,2024-09-03,5,false,Good food!
REV0001048,RST106,2024-10-15,3,false,Wrong order
REV0001049,RST106,2024-09-25,4,false,Cold food
REV0001050,RST106,2024-10-13,4,true,Bad experience
REV0001051,RST106,2024-10-02,4,false,Love it!
REV0001052,RST106,2024-09-12,5,false,Okay
REV0001053,RST106,2024-10-08,5,false,Okay
REV0001054,RST106,2024-09-22,4,false,Cold food
REV0001055,RST106,2024-09-08,4,false,Good food!
REV0001056,RST106,2024-09-28,5,false,Love it!
REV0001057,RST106,2024-09-28,4,false,Okay
REV0001058,RST106,2024-09-28,4,false,Cold food
REV0001059,RST106,2024-09-14,4,false,Late delivery
REV0001060,RST106,2024-09-05,4,false,Excellent!
REV0001061,RST106,2024-09-22,5,false,Cold food
REV0001062,RST106,2024-09-23,4,false,Good food!
REV0001063,RST106,2024-09-11,5,false,Okay
REV0001064,RST106,2024-09-23,5,false,Wrong order
REV0001065,RST106,2024-09-25,5,false,Cold food
REV0001066,RST106,2024-09-23,4,false,Good food!
REV0001067,RST106,2024-10-17,4,false,Excellent!
REV0001068,RST106,2024-10-21,5,false,Good food!
REV0001069,RST106,2024-10-08,5,false,Love it!
REV0001070,RST106,2024-09-25,5,false,Cold food
REV0001071,RST106,2024-09-07,5,false,Wrong order
REV0001072,RST106,2024-10-04,4,false,Excellent!
REV0001073,RST106,2024-10-17,4,false,Love it!
REV0001074,RST106,2024-09-07,5,false,Late delivery
REV0001075,RST106,2024-09-28,5,false,Bad experience
REV0001076,RST106,2024-09-02,3,false,Wrong order
REV0001077,RST106,2024-10-02,5,false,Cold food
REV0001078,RST106,2024-10-13,4,false,Okay
REV0001079,RST106,2024-09-04,5,false,Cold food
REV0001080,RST106,2024-09-29,5,false,Good food!
REV0001081,RST107,2024-10-09,5,false,Late delivery
REV0001082,RST107,2024-09-04,4,false,Okay
REV0001083,RST107,2024-10-08,5,false,Okay
REV0001084,RST107,2024-09-17,5,false,Excellent!
REV0001085,RST107,2024-10-06,4,false,Excellent!
REV0001086,RST107,2024-09-07,4,false,Bad experience
REV0001087,RST107,2024-09-07,4,false,Bad experience
REV0001088,RST107,2024-10-02,5,false,Okay
REV0001089,RST107,2024-10-21,5,false,Wrong order
REV0001090,RST107,2024-09-09,5,false,Good food!
REV0001091,RST107,2024-09-30,4,false,Love it!
REV0001092,RST107,2024-10-06,4,false,Cold food
REV0001093,RST107,2024-09-20,4,false,Good food!
REV0001094,RST107,2024-09-01,3,false,Excellent!
REV0001095,RST107,2024-10-01,4,false,Okay
REV0001096,RST107,2024-10-12,4,false,Wrong order
REV0001097,RST107,2024-10-20,5,false,Love it!
REV0001098,RST107,2024-10-02,4,false,Bad experience
REV0001099,RST107,2024-09-18,5,false,Excellent!
REV0001100,RST107,2024-09-27,5,false,Bad experience
REV0001101,RST107,2024-10-06,4,false,Late delivery
REV0001102,RST107,2024-09-25,5,false,Love it!
REV0001103,RST107,2024-09-05,4,false,Love it!
REV0001104,RST107,2024-10-04,4,false,Okay
REV0001105,RST107,2024-09-09,4,false,Bad experience
REV0001106,RST107,2024-09-20,5,false,Wrong order
REV0001107,RST107,2024-09-21,4,false,Good food!
REV0001108,RST107,2024-09-12,5,false,Cold food
REV0001109,RST107,2024-09-08,4,false,Good food!
REV0001110,RST107,2024-10-15,4,false,Excellent!
REV0001111,RST107,2024-10-07,4,false,Late delivery
REV0001112,RST107,2024-09-06,4,false,Cold food
REV0001113,RST107,2024-09-06,4,false,Late delivery
REV0001114,RST107,2024-09-21,4,false,Love it!
REV0001115,RST107,2024-09-07,5,false,Wrong order
REV0001116,RST107,2024-09-13,4,false,Cold food
REV0001117,RST107,2024-09-12,4,false,Wrong order
REV0001118,RST107,2024-09-17,4,false,Bad experience
REV0001119,RST107,2024-10-18,5,false,Cold food
REV0001120,RST107,2024-10-08,4,false,Okay
REV0001121,RST107,2024-09-29,4,false,Wrong order
REV0001122,RST107,2024-09-22,5,false,Excellent!
REV0001123,RST107,2024-10-14,3,false,Late delivery
REV0001124,RST107,2024-10-11,5,false,Excellent!
REV0001125,RST107,2024-09-26,4,false,Cold food
REV0001126,RST107,2024-10-01,5,false,Wrong order
REV0001127,RST107,2024-10-07,4,false,Good food!
REV0001128,RST107,2024-10-15,4,false,Bad experience
REV0001129,RST107,2024-09-02,4,false,Good food!
REV0001130,RST107,2024-09-20,4,false,Excellent!
REV0001131,RST107,2024-09-23,4,false,Cold food
REV0001132,RST107,2024-10-06,5,false,Cold food
REV0001133,RST107,2024-10-15,4,false,Love it!
REV0001134,RST107,2024-10-15,5,false,Cold food
REV0001135,RST107,2024-09-09,4,false,Wrong order
REV0001136,RST107,2024-09-29,4,false,Love it!
REV0001137,RST107,2024-10-15,5,false,Excellent!
REV0001138,RST107,2024-10-10,5,false,Late delivery
REV0001139,RST107,2024-10-14,5,false,Bad experience
REV0001140,RST107,2024-10-09,4,false,Excellent!
REV0001141,RST107,2024-09-30,4,false,Wrong order
REV0001142,RST107,2024-09-26,5,false,Cold food
REV0001143,RST107,2024-10-19,3,false,Wrong order
REV0001144,RST107,2024-09-16,5,false,Wrong order
REV0001145,RST107,2024-09-01,4,false,Wrong order
REV0001146,RST107,2024-10-09,4,false,Cold food
REV0001147,RST107,2024-09-27,4,false,Excellent!
REV0001148,RST107,2024-09-28,4,false,Okay
REV0001149,RST107,2024-09-13,5,false,Wrong order
REV0001150,RST107,2024-09-08,4,false,Late delivery
REV0001151,RST107,2024-09-26,4,false,Good food!
REV0001152,RST107,2024-10-20,4,false,Wrong order
REV0001153,RST107,2024-10-16,5,false,Good food!
REV0001154,RST107,2024-09-20,4,false,Excellent!
REV0001155,RST107,2024-09-05,5,false,Good food!
REV0001156,RST107,2024-10-06,4,false,Late delivery
REV0001157,RST107,2024-09-17,4,false,Wrong order
REV0001158,RST107,2024-10-13,4,false,Good food!
REV0001159,RST107,2024-09-09,5,false,Love it!
REV0001160,RST107,2024-09-08,5,false,Bad experience
REV0001161,RST107,2024-09-06,5,false,Love it!
REV0001162,RST107,2024-09-13,5,false,Late delivery
REV0001163,RST107,2024-09-16,4,false,Okay
REV0001164,RST107,2024-10-16,4,false,Wrong order
REV0001165,RST107,2024-09-06,4,false,Excellent!
REV0001166,RST107,2024-09-17,4,false,Wrong order
REV0001167,RST107,2024-10-01,4,false,Bad experience
REV0001168,RST107,2024-09-17,4,false,Wrong order
REV0001169,RST107,2024-09-12,4,false,Good food!
REV0001170,RST107,2024-09-03,4,false,Excellent!
REV0001171,RST107,2024-10-03,5,false,Good food!
REV0001172,RST107,2024-10-21,4,false,Excellent!
REV0001173,RST107,2024-09-15,4,false,Cold food
REV0001174,RST107,2024-09-26,4,false,Good food!
REV0001175,RST107,2024-09-01,4,false,Love it!
REV0001176,RST107,2024-10-18,4,false,Bad experience
REV0001177,RST107,2024-10-19,4,false,Bad experience
REV0001178,RST107,2024-10-02,5,false,Okay
REV0001179,RST107,2024-09-30,4,false,Good food!
REV0001180,RST107,2024-10-03,4,false,Cold food
REV0001181,RST107,2024-09-12,4,false,Excellent!
REV0001182,RST107,2024-10-21,5,false,Okay
REV0001183,RST107,2024-09-28,4,false,Love it!
REV0001184,RST107,2024-10-19,4,false,Wrong order
REV0001185,RST107,2024-09-30,5,false,Cold food
REV0001186,RST107,2024-09-30,4,false,Love it!
REV0001187,RST107,2024-09-10,4,false,Okay
REV0001188,RST107,2024-09-11,4,false,Wrong order
REV0001189,RST107,2024-10-19,4,false,Good food!
REV0001190,RST107,2024-09-29,4,false,Late delivery
REV0001191,RST107,2024-10-01,5,false,Late delivery
REV0001192,RST107,2024-09-08,4,false,Okay
REV0001193,RST107,2024-09-22,4,false,Bad experience
REV0001194,RST107,2024-09-16,4,false,Cold food
REV0001195,RST107,2024-09-27,4,false,Cold food
REV0001196,RST107,2024-10-21,4,false,Late delivery
REV0001197,RST107,2024-10-15,4,false,Cold food
REV0001198,RST107,2024-09-16,5,true,Wrong order
REV0001199,RST107,2024-09-19,5,false,Cold food
REV0001200,RST107,2024-09-01,4,false,Good food!
REV0001201,RST201,2024-09-20,5,false,Late delivery
REV0001202,RST201,2024-10-20,5,false,Okay
REV0001203,RST201,2024-10-21,4,false,Good food!
REV0001204,RST201,2024-09-04,3,false,Good food!
REV0001205,RST201,2024-10-03,5,false,Okay
REV0001206,RST201,2024-09-18,4,false,Good food!
REV0001207,RST201,2024-09-29,4,false,Okay
REV0001208,RST201,2024-10-21,4,false,Excellent!
REV0001209,RST201,2024-10-06,5,false,Late delivery
REV0001210,RST201,2024-10-20,4,false,Bad experience
REV0001211,RST201,2024-10-15,4,false,Good food!
REV0001212,RST201,2024-09-09,5,false,Wrong order
REV0001213,RST201,2024-10-01,4,false,Good food!
REV0001214,RST201,2024-10-15,4,false,Love it!
REV0001215,RST201,2024-09-14,4,true,Wrong order
REV0001216,RST201,2024-09-02,4,false,Love it!
REV0001217,RST201,2024-09-30,3,false,Good food!
REV0001218,RST201,2024-10-05,4,false,Love it!
REV0001219,RST201,2024-10-08,5,false,Love it!
REV0001220,RST201,2024-10-01,5,true,Love it!
REV0001221,RST201,2024-10-15,4,false,Excellent!
REV0001222,RST201,2024-09-18,4,false,Late delivery
REV0001223,RST201,2024-09-08,4,false,Excellent!
REV0001224,RST201,2024-10-13,4,false,Wrong order
REV0001225,RST201,2024-09-21,4,true,Late delivery
REV0001226,RST201,2024-10-03,5,false,Bad experience
REV0001227,RST201,2024-09-09,4,false,Cold food
REV0001228,RST201,2024-09-09,5,false,Bad experience
REV0001229,RST201,2024-09-12,3,false,Late delivery
REV0001230,RST201,2024-10-14,4,false,Wrong order
REV0001231,RST201,2024-10-02,4,false,Wrong order
REV0001232,RST201,2024-09-16,4,false,Late delivery
REV0001233,RST201,2024-10-15,4,false,Love it!
REV0001234,RST201,2024-09-15,5,false,Love it!
REV0001235,RST201,2024-09-30,4,false,Wrong order
REV0001236,RST201,2024-09-30,4,false,Late delivery
REV0001237,RST201,2024-10-12,4,false,Okay
REV0001238,RST201,2024-09-13,4,false,Excellent!
REV0001239,RST201,2024-09-26,5,false,Excellent!
REV0001240,RST201,2024-10-19,4,false,Love it!
REV0001241,RST201,2024-10-21,4,false,Love it!
REV0001242,RST201,2024-10-21,4,false,Bad experience
REV0001243,RST201,2024-09-07,4,false,Wrong order
REV0001244,RST201,2024-10-10,4,false,Late delivery
REV0001245,RST201,2024-10-19,3,false,Cold food
REV0001246,RST201,2024-09-21,4,false,Cold food
REV0001247,RST201,2024-10-05,4,true,Cold food
REV0001248,RST201,2024-10-01,4,false,Bad experience
REV0001249,RST201,2024-10-05,4,false,Wrong order
REV0001250,RST201,2024-10-17,5,false,Bad experience
REV0001251,RST201,2024-10-11,4,false,Cold food
REV0001252,RST201,2024-09-14,5,false,Wrong order
REV0001253,RST201,2024-09-21,5,false,Good food!
REV0001254,RST201,2024-10-10,5,false,Wrong order
REV0001255,RST201,2024-10-01,5,false,Okay
REV0001256,RST201,2024-09-17,4,false,Okay
REV0001257,RST201,2024-10-17,5,false,Wrong order
REV0001258,RST201,2024-09-29,4,false,Bad experience
REV0001259,RST201,2024-10-16,4,false,Bad experience
REV0001260,RST201,2024-10-14,4,false,Bad experience
REV0001261,RST201,2024-09-05,4,false,Love it!
REV0001262,RST201,2024-09-29,4,false,Excellent!
REV0001263,RST201,2024-09-09,5,false,Good food!
REV0001264,RST201,2024-10-01,4,false,Wrong order
REV0001265,RST201,2024-09-13,4,false,Okay
REV0001266,RST201,2024-10-17,4,false,Good food!
REV0001267,RST201,2024-09-02,4,false,Cold food
REV0001268,RST201,2024-10-09,4,false,Late delivery
REV0001269,RST201,2024-09-12,5,false,Good food!
REV0001270,RST201,2024-09-21,4,false,Late delivery
REV0001271,RST201,2024-09-24,4,false,Love it!
REV0001272,RST201,2024-09-11,4,false,Okay
REV0001273,RST201,2024-10-19,4,false,Okay
REV0001274,RST201,2024-09-27,4,false,Excellent!
REV0001275,RST201,2024-09-19,4,false,Wrong order
REV0001276,RST201,2024-10-03,5,false,Late delivery
REV0001277,RST201,2024-09-11,4,false,Excellent!
REV0001278,RST201,2024-09-16,5,false,Late delivery
REV0001279,RST201,2024-10-05,5,false,Excellent!
REV0001280,RST201,2024-10-01,5,false,Love it!
REV0001281,RST201,2024-10-13,3,false,Good food!
REV0001282,RST201,2024-09-02,5,false,Late delivery
REV0001283,RST201,2024-10-02,5,false,Good food!
REV0001284,RST201,2024-10-01,5,false,Good food!
REV0001285,RST201,2024-10-02,3,false,Excellent!
REV0001286,RST201,2024-10-04,5,false,Late delivery
REV0001287,RST201,2024-10-16,4,false,Late delivery
REV0001288,RST201,2024-10-06,4,false,Okay
REV0001289,RST201,2024-09-05,4,false,Excellent!
REV0001290,RST201,2024-10-10,4,false,Okay
REV0001291,RST201,2024-09-16,4,false,Excellent!
REV0001292,RST201,2024-09-03,4,false,Love it!
REV0001293,RST201,2024-10-05,4,false,Good food!
REV0001294,RST201,2024-10-15,5,false,Late delivery
REV0001295,RST201,2024-09-04,5,false,Bad experience
REV0001296,RST201,2024-10-16,4,false,Bad experience
REV0001297,RST201,2024-09-11,5,false,Okay
REV0001298,RST201,2024-09-04,5,false,Wrong order
REV0001299,RST201,2024-09-22,4,false,Wrong order
REV0001300,RST201,2024-10-19,4,false,Bad experience
REV0001301,RST201,2024-09-11,4,false,Okay
REV0001302,RST201,2024-09-21,5,false,Good food!
REV0001303,RST201,2024-10-14,5,false,Okay
REV0001304,RST201,2024-09-17,4,false,Bad experience
REV0001305,RST201,2024-09-29,5,false,Bad experience
REV0001306,RST201,2024-10-04,5,false,Cold food
REV0001307,RST201,2024-09-29,4,false,Cold food
REV0001308,RST201,2024-09-26,4,false,Love it!
REV0001309,RST201,2024-10-19,3,true,Cold food
REV0001310,RST201,2024-09-30,4,false,Wrong order
REV0001311,RST201,2024-09-11,4,false,Excellent!
REV0001312,RST201,2024-10-05,4,true,Love it!
REV0001313,RST201,2024-09-05,4,false,Excellent!
REV0001314,RST201,2024-09-02,5,false,Wrong order
REV0001315,RST201,2024-10-09,5,false,Okay
REV0001316,RST201,2024-09-02,5,false,Okay
REV0001317,RST201,2024-10-18,4,false,Excellent!
REV0001318,RST201,2024-10-07,4,false,Wrong order
REV0001319,RST201,2024-10-05,4,false,Wrong order
REV0001320,RST201,2024-09-09,5,false,Good food!
REV0001321,RST202,2024-09-23,4,false,Excellent!
REV0001322,RST202,2024-10-03,4,false,Good food!
REV0001323,RST202,2024-09-27,3,false,Okay
REV0001324,RST202,2024-10-05,4,false,Cold food
REV0001325,RST202,2024-10-01,5,false,Good food!
REV0001326,RST202,2024-09-22,4,false,Late delivery
REV0001327,RST202,2024-10-02,4,false,Love it!
REV0001328,RST202,2024-09-05,5,false,Cold food
REV0001329,RST202,2024-10-05,4,false,Late delivery
REV0001330,RST202,2024-10-19,4,false,Bad experience
REV0001331,RST202,2024-10-14,4,false,Love it!
REV0001332,RST202,2024-09-22,4,false,Bad experience
REV0001333,RST202,2024-09-24,5,false,Bad experience
REV0001334,RST202,2024-10-08,4,false,Bad experience
REV0001335,RST202,2024-10-05,5,false,Love it!
REV0001336,RST202,2024-10-03,4,false,Love it!
REV0001337,RST202,2024-09-22,5,false,Bad experience
REV0001338,RST202,2024-09-19,5,false,Bad experience
REV0001339,RST202,2024-09-13,4,false,Okay
REV0001340,RST202,2024-09-19,4,false,Excellent!
REV0001341,RST202,2024-10-01,5,false,Okay
REV0001342,RST202,2024-10-18,4,false,Good food!
REV0001343,RST202,2024-09-20,4,false,Good food!
REV0001344,RST202,2024-09-11,4,false,Okay
REV0001345,RST202,2024-09-20,5,false,Okay
REV0001346,RST202,2024-09-28,5,false,Bad experience
REV0001347,RST202,2024-09-30,4,false,Love it!
REV0001348,RST202,2024-09-11,4,false,Late delivery
REV0001349,RST202,2024-10-05,5,false,Wrong order
REV0001350,RST202,2024-09-02,4,false,Okay
REV0001351,RST202,2024-09-17,4,false,Excellent!
REV0001352,RST202,2024-10-16,5,false,Cold food
REV0001353,RST202,2024-09-26,5,false,Good food!
REV0001354,RST202,2024-09-11,4,false,Okay
REV0001355,RST202,2024-09-22,4,false,Good food!
REV0001356,RST202,2024-10-17,4,false,Good food!
REV0001357,RST202,2024-10-12,5,false,Okay
REV0001358,RST202,2024-09-19,5,false,Wrong order
REV0001359,RST202,2024-10-03,5,false,Cold food
REV0001360,RST202,2024-09-26,3,false,Okay
REV0001361,RST202,2024-09-14,4,false,Late delivery
REV0001362,RST202,2024-09-03,5,false,Cold food
REV0001363,RST202,2024-09-10,5,true,Cold food
REV0001364,RST202,2024-09-14,3,false,Love it!
REV0001365,RST202,2024-09-26,4,false,Love it!
REV0001366,RST202,2024-10-21,4,false,Late delivery
REV0001367,RST202,2024-09-26,5,false,Bad experience
REV0001368,RST202,2024-10-20,4,false,Cold food
REV0001369,RST202,2024-09-10,5,false,Wrong order
REV0001370,RST202,2024-09-23,4,false,Late delivery
REV0001371,RST202,2024-09-10,5,false,Good food!
REV0001372,RST202,2024-09-24,5,false,Okay
REV0001373,RST202,2024-10-08,5,false,Bad experience
REV0001374,RST202,2024-09-26,4,false,Late delivery
REV0001375,RST202,2024-09-25,4,false,Good food!
REV0001376,RST202,2024-09-14,5,false,Late delivery
REV0001377,RST202,2024-10-13,5,false,Cold food
REV0001378,RST202,2024-09-08,5,false,Excellent!
REV0001379,RST202,2024-09-20,4,false,Love it!
REV0001380,RST202,2024-09-17,5,false,Bad experience
REV0001381,RST202,2024-10-18,4,false,Good food!
REV0001382,RST202,2024-09-07,5,false,Good food!
REV0001383,RST202,2024-09-15,5,false,Excellent!
REV0001384,RST202,2024-10-09,5,false,Wrong order
REV0001385,RST202,2024-09-07,5,false,Good food!
REV0001386,RST202,2024-09-29,4,false,Excellent!
REV0001387,RST202,2024-09-07,4,false,Love it!
REV0001388,RST202,2024-10-04,5,false,Wrong order
REV0001389,RST202,2024-09-13,4,false,Good food!
REV0001390,RST202,2024-10-12,4,false,Love it!
REV0001391,RST202,2024-09-03,5,false,Love it!
REV0001392,RST202,2024-09-14,5,false,Okay
REV0001393,RST202,2024-09-23,3,false,Late delivery
REV0001394,RST202,2024-10-13,3,false,Late delivery
REV0001395,RST202,2024-09-17,5,false,Wrong order
REV0001396,RST202,2024-09-21,4,false,Okay
REV0001397,RST202,2024-10-07,4,false,Love it!
REV0001398,RST202,2024-09-24,5,false,Bad experience
REV0001399,RST202,2024-09-04,4,false,Excellent!
REV0001400,RST202,2024-09-24,5,false,Late delivery
REV0001401,RST202,2024-09-17,4,false,Wrong order
REV0001402,RST202,2024-09-03,5,false,Good food!
REV0001403,RST202,2024-10-03,4,false,Late delivery
REV0001404,RST202,2024-09-16,4,false,Love it!
REV0001405,RST202,2024-09-02,5,false,Late delivery
REV0001406,RST202,2024-09-01,3,true,Love it!
REV0001407,RST202,2024-10-05,4,false,Cold food
REV0001408,RST202,2024-09-04,4,false,Love it!
REV0001409,RST202,2024-09-21,4,false,Love it!
REV0001410,RST202,2024-10-16,5,false,Wrong order
REV0001411,RST202,2024-09-12,4,false,Okay
REV0001412,RST202,2024-09-18,4,false,Late delivery
REV0001413,RST202,2024-09-30,5,false,Bad experience
REV0001414,RST202,2024-09-14,5,false,Wrong order
REV0001415,RST202,2024-10-10,5,false,Cold food
REV0001416,RST202,2024-09-30,5,false,Love it!
REV0001417,RST202,2024-09-17,4,false,Good food!
REV0001418,RST202,2024-09-22,4,false,Good food!
REV0001419,RST202,2024-10-06,4,false,Okay
REV0001420,RST202,2024-09-06,4,false,Okay
REV0001421,RST202,2024-10-11,5,false,Cold food
REV0001422,RST202,2024-09-20,5,false,Cold food
REV0001423,RST202,2024-10-14,5,false,Good food!
REV0001424,RST202,2024-09-11,4,false,Good food!
REV0001425,RST202,2024-10-05,5,false,Good food!
REV0001426,RST202,2024-09-10,5,false,Love it!
REV0001427,RST202,2024-10-19,5,false,Love it!
REV0001428,RST202,2024-10-21,3,false,Good food!
REV0001429,RST202,2024-09-30,4,false,Good food!
REV0001430,RST202,2024-09-01,5,false,Love it!
REV0001431,RST202,2024-09-17,4,false,Cold food
REV0001432,RST202,2024-09-16,5,false,Okay
REV0001433,RST202,2024-10-18,4,false,Wrong order
REV0001434,RST202,2024-09-04,5,false,Bad experience
REV0001435,RST202,2024-09-07,5,false,Cold food
REV0001436,RST202,2024-09-18,4,false,Good food!
REV0001437,RST202,2024-09-14,5,false,Cold food
REV0001438,RST202,2024-10-08,4,false,Good food!
REV0001439,RST202,2024-09-17,5,false,Cold food
REV0001440,RST202,2024-09-04,4,false,Bad experience
REV0001441,RST301,2024-09-26,4,false,Okay
REV0001442,RST301,2024-10-04,4,false,Wrong order
REV0001443,RST301,2024-09-11,4,false,Okay
REV0001444,RST301,2024-09-30,5,false,Love it!
REV0001445,RST301,2024-10-20,5,false,Wrong order
REV0001446,RST301,2024-10-02,4,false,Cold food
REV0001447,RST301,2024-09-06,4,false,Love it!
REV0001448,RST301,2024-09-29,4,false,Excellent!
REV0001449,RST301,2024-09-09,5,false,Love it!
REV0001450,RST301,2024-09-25,4,false,Okay
REV0001451,RST301,2024-09-12,5,false,Bad experience
REV0001452,RST301,2024-09-05,5,false,Wrong order
REV0001453,RST301,2024-10-18,5,false,Okay
REV0001454,RST301,2024-09-30,4,false,Bad experience
REV0001455,RST301,2024-10-10,4,false,Good food!
REV0001456,RST301,2024-10-04,5,false,Good food!
REV0001457,RST301,2024-09-25,5,false,Bad experience
REV0001458,RST301,2024-09-22,5,false,Good food!
REV0001459,RST301,2024-09-14,4,false,Bad experience
REV0001460,RST301,2024-09-30,4,false,Good food!
REV0001461,RST301,2024-09-04,5,false,Okay
REV0001462,RST301,2024-10-03,4,false,Love it!
REV0001463,RST301,2024-09-23,4,false,Late delivery
REV0001464,RST301,2024-09-23,5,false,Bad experience
REV0001465,RST301,2024-09-15,4,false,Okay
REV0001466,RST301,2024-10-04,4,false,Excellent!
REV0001467,RST301,2024-10-13,4,false,Wrong order
REV0001468,RST301,2024-10-07,4,false,Good food!
REV0001469,RST301,2024-09-27,4,false,Bad experience
REV0001470,RST301,2024-09-21,4,true,Love it!
REV0001471,RST301,2024-09-06,5,false,Okay
REV0001472,RST301,2024-09-24,5,false,Cold food
REV0001473,RST301,2024-10-02,5,false,Late delivery
REV0001474,RST301,2024-10-06,4,false,Love it!
REV0001475,RST301,2024-09-07,5,false,Late delivery
REV0001476,RST301,2024-10-02,5,false,Bad experience
REV0001477,RST301,2024-09-09,3,false,Wrong order
REV0001478,RST301,2024-09-27,4,false,Late delivery
REV0001479,RST301,2024-09-23,4,false,Wrong order
REV0001480,RST301,2024-09-04,4,false,Okay
REV0001481,RST301,2024-10-11,4,false,Bad experience
REV0001482,RST301,2024-09-27,4,false,Okay
REV0001483,RST301,2024-09-18,4,false,Wrong order
REV0001484,RST301,2024-10-18,5,false,Late delivery
REV0001485,RST301,2024-10-09,4,false,Cold food
REV0001486,RST301,2024-10-15,4,false,Good food!
REV0001487,RST301,2024-09-12,4,false,Bad experience
REV0001488,RST301,2024-10-21,4,false,Okay
REV0001489,RST301,2024-09-29,4,false,Wrong order
REV0001490,RST301,2024-09-16,5,false,Good food!
REV0001491,RST301,2024-09-20,4,false,Cold food
REV0001492,RST301,2024-09-21,4,false,Excellent!
REV0001493,RST301,2024-09-14,5,false,Late delivery
REV0001494,RST301,2024-10-18,4,false,Excellent!
REV0001495,RST301,2024-09-26,5,false,Love it!
REV0001496,RST301,2024-10-19,5,false,Bad experience
REV0001497,RST301,2024-09-02,4,false,Good food!
REV0001498,RST301,2024-09-23,4,true,Okay
REV0001499,RST301,2024-09-20,5,false,Late delivery
REV0001500,RST301,2024-09-15,4,false,Wrong order
REV0001501,RST301,2024-09-23,4,false,Bad experience
REV0001502,RST301,2024-09-13,5,false,Late delivery
REV0001503,RST301,2024-09-16,4,true,Okay
REV0001504,RST301,2024-09-18,5,false,Bad experience
REV0001505,RST301,2024-09-27,4,false,Love it!
REV0001506,RST301,2024-10-15,5,false,Excellent!
REV0001507,RST301,2024-09-13,4,false,Excellent!
REV0001508,RST301,2024-09-22,5,false,Good food!
REV0001509,RST301,2024-10-19,4,true,Bad experience
REV0001510,RST301,2024-09-09,4,false,Bad experience
REV0001511,RST301,2024-10-19,4,false,Excellent!
REV0001512,RST301,2024-09-22,4,false,Cold food
REV0001513,RST301,2024-09-12,5,false,Love it!
REV0001514,RST301,2024-10-14,5,true,Late delivery
REV0001515,RST301,2024-10-06,5,false,Bad experience
REV0001516,RST301,2024-09-09,4,false,Bad experience
REV0001517,RST301,2024-10-08,5,false,Excellent!
REV0001518,RST301,2024-09-18,5,false,Late delivery
REV0001519,RST301,2024-10-16,4,false,Excellent!
REV0001520,RST301,2024-10-12,4,false,Cold food
REV0001521,RST301,2024-10-19,5,false,Excellent!
REV0001522,RST301,2024-09-19,4,false,Bad experience
REV0001523,RST301,2024-09-07,5,false,Okay
REV0001524,RST301,2024-09-29,4,false,Okay
REV0001525,RST301,2024-09-18,4,false,Okay
REV0001526,RST301,2024-09-14,5,false,Bad experience
REV0001527,RST301,2024-09-09,5,false,Good food!
REV0001528,RST301,2024-09-11,4,false,Okay
REV0001529,RST301,2024-10-20,4,false,Wrong order
REV0001530,RST301,2024-09-29,4,false,Excellent!
REV0001531,RST301,2024-10-12,4,false,Excellent!
REV0001532,RST301,2024-10-02,5,false,Good food!
REV0001533,RST301,2024-10-01,5,false,Bad experience
REV0001534,RST301,2024-10-17,4,false,Wrong order
REV0001535,RST301,2024-09-12,5,false,Wrong order
REV0001536,RST301,2024-10-17,3,false,Cold food
REV0001537,RST301,2024-10-17,4,false,Excellent!
REV0001538,RST301,2024-09-09,5,false,Cold food
REV0001539,RST301,2024-09-13,4,false,Good food!
REV0001540,RST301,2024-10-06,5,false,Good food!
REV0001541,RST301,2024-09-23,5,false,Okay
REV0001542,RST301,2024-10-13,4,false,Good food!
REV0001543,RST301,2024-10-05,4,false,Good food!
REV0001544,RST301,2024-09-27,5,false,Love it!
REV0001545,RST301,2024-10-17,4,false,Bad experience
REV0001546,RST301,2024-10-05,4,false,Okay
REV0001547,RST301,2024-10-15,5,false,Excellent!
REV0001548,RST301,2024-09-19,5,false,Okay
REV0001549,RST301,2024-09-16,4,false,Good food!
REV0001550,RST301,2024-10-02,4,false,Excellent!
REV0001551,RST301,2024-09-10,4,false,Love it!
REV0001552,RST301,2024-09-07,4,false,Love it!
REV0001553,RST301,2024-09-26,4,false,Cold food
REV0001554,RST301,2024-10-09,5,false,Okay
REV0001555,RST301,2024-09-17,4,false,Bad experience
REV0001556,RST301,2024-09-30,4,true,Okay
REV0001557,RST301,2024-10-14,5,false,Excellent!
REV0001558,RST301,2024-09-03,4,false,Love it!
REV0001559,RST301,2024-09-24,3,false,Late delivery
REV0001560,RST301,2024-09-12,3,false,Love it!
REV0001561,RST401,2024-10-01,4,false,Cold food
REV0001562,RST401,2024-09-30,3,false,Good food!
REV0001563,RST401,2024-09-23,5,false,Okay
REV0001564,RST401,2024-09-27,5,false,Good food!
REV0001565,RST401,2024-09-15,4,false,Okay
REV0001566,RST401,2024-09-07,5,false,Wrong order
REV0001567,RST401,2024-09-10,4,false,Excellent!
REV0001568,RST401,2024-10-02,3,false,Okay
REV0001569,RST401,2024-10-07,4,false,Okay
REV0001570,RST401,2024-10-13,5,false,Late delivery
REV0001571,RST401,2024-09-11,4,false,Good food!
REV0001572,RST401,2024-10-20,5,false,Excellent!
REV0001573,RST401,2024-09-07,4,false,Love it!
REV0001574,RST401,2024-10-08,5,false,Good food!
REV0001575,RST401,2024-10-03,4,false,Late delivery
REV0001576,RST401,2024-09-19,4,false,Good food!
REV0001577,RST401,2024-10-01,5,false,Wrong order
REV0001578,RST401,2024-10-10,4,false,Good food!
REV0001579,RST401,2024-09-06,4,false,Love it!
REV0001580,RST401,2024-09-29,4,false,Excellent!
REV0001581,RST401,2024-10-20,5,false,Bad experience
REV0001582,RST401,2024-09-13,4,false,Bad experience
REV0001583,RST401,2024-09-05,3,false,Excellent!
REV0001584,RST401,2024-09-17,4,false,Wrong order
REV0001585,RST401,2024-09-26,4,false,Late delivery
REV0001586,RST401,2024-10-03,4,false,Bad experience
REV0001587,RST401,2024-10-14,5,false,Bad experience
REV0001588,RST401,2024-09-18,4,false,Cold food
REV0001589,RST401,2024-09-23,4,false,Excellent!
REV0001590,RST401,2024-10-16,4,false,Okay
REV0001591,RST401,2024-10-13,5,false,Excellent!
REV0001592,RST401,2024-09-11,3,false,Excellent!
REV0001593,RST401,2024-09-09,5,true,Okay
REV0001594,RST401,2024-09-06,5,false,Wrong order
REV0001595,RST401,2024-10-04,4,false,Good food!
REV0001596,RST401,2024-10-12,3,false,Late delivery
REV0001597,RST401,2024-09-04,4,false,Good food!
REV0001598,RST401,2024-09-06,4,false,Late delivery
REV0001599,RST401,2024-09-03,5,false,Wrong order
REV0001600,RST401,2024-09-17,4,false,Late delivery
REV0001601,RST401,2024-09-10,4,false,Bad experience
REV0001602,RST401,2024-09-12,4,false,Good food!
REV0001603,RST401,2024-09-07,4,false,Love it!
REV0001604,RST401,2024-09-28,4,false,Cold food
REV0001605,RST401,2024-09-18,5,false,Okay
REV0001606,RST401,2024-10-14,4,false,Cold food
REV0001607,RST401,2024-09-14,4,false,Love it!
REV0001608,RST401,2024-09-18,5,false,Wrong order
REV0001609,RST401,2024-09-15,5,false,Bad experience
REV0001610,RST401,2024-09-26,4,false,Late delivery
REV0001611,RST401,2024-10-05,4,false,Excellent!
REV0001612,RST401,2024-09-05,4,false,Late delivery
REV0001613,RST401,2024-09-10,4,true,Good food!
REV0001614,RST401,2024-10-19,5,false,Love it!
REV0001615,RST401,2024-09-10,4,false,Excellent!
REV0001616,RST401,2024-10-16,4,false,Good food!
REV0001617,RST401,2024-09-25,5,false,Bad experience
REV0001618,RST401,2024-09-04,4,false,Bad experience
REV0001619,RST401,2024-09-07,5,false,Excellent!
REV0001620,RST401,2024-10-02,4,false,Excellent!
REV0001621,RST401,2024-10-03,4,false,Love it!
REV0001622,RST401,2024-09-17,4,false,Excellent!
REV0001623,RST401,2024-09-25,4,false,Okay
REV0001624,RST401,2024-09-26,4,false,Late delivery
REV0001625,RST401,2024-09-28,5,false,Love it!
REV0001626,RST401,2024-09-30,4,false,Bad experience
REV0001627,RST401,2024-10-04,4,false,Bad experience
REV0001628,RST401,2024-10-20,4,false,Good food!
REV0001629,RST401,2024-10-10,4,false,Late delivery
REV0001630,RST401,2024-10-10,5,false,Good food!
REV0001631,RST401,2024-09-09,4,false,Love it!
REV0001632,RST401,2024-09-08,4,false,Bad experience
REV0001633,RST401,2024-10-12,4,false,Good food!
REV0001634,RST401,2024-09-26,4,false,Bad experience
REV0001635,RST401,2024-10-18,4,false,Bad experience
REV0001636,RST401,2024-09-05,4,false,Okay
REV0001637,RST401,2024-10-05,4,false,Love it!
REV0001638,RST401,2024-10-21,4,false,Wrong order
REV0001639,RST401,2024-09-03,4,false,Love it!
REV0001640,RST401,2024-09-21,5,false,Good food!
REV0001641,RST401,2024-10-15,4,false,Late delivery
REV0001642,RST401,2024-09-14,5,false,Wrong order
REV0001643,RST401,2024-10-21,4,false,Cold food
REV0001644,RST401,2024-09-19,4,false,Wrong order
REV0001645,RST401,2024-09-07,5,false,Wrong order
REV0001646,RST401,2024-09-02,5,false,Bad experience
REV0001647,RST401,2024-10-07,5,false,Cold food
REV0001648,RST401,2024-10-19,4,false,Good food!
REV0001649,RST401,2024-09-13,4,false,Good food!
REV0001650,RST401,2024-10-18,5,false,Bad experience
REV0001651,RST401,2024-10-16,4,false,Wrong order
REV0001652,RST401,2024-10-08,4,false,Wrong order
REV0001653,RST401,2024-10-10,4,false,Bad experience
REV0001654,RST401,2024-09-01,4,false,Okay
REV0001655,RST401,2024-10-01,5,false,Okay
REV0001656,RST401,2024-09-04,4,false,Bad experience
REV0001657,RST401,2024-10-16,4,false,Late delivery
REV0001658,RST401,2024-09-15,5,false,Wrong order
REV0001659,RST401,2024-09-13,5,false,Excellent!
REV0001660,RST401,2024-10-10,4,false,Wrong order
REV0001661,RST401,2024-10-20,4,false,Cold food
REV0001662,RST401,2024-10-15,4,true,Good food!
REV0001663,RST401,2024-09-16,3,false,Bad experience
REV0001664,RST401,2024-10-18,4,false,Good food!
REV0001665,RST401,2024-10-15,4,false,Excellent!
REV0001666,RST401,2024-10-02,5,false,Late delivery
REV0001667,RST401,2024-10-09,4,false,Late delivery
REV0001668,RST401,2024-10-13,5,false,Late delivery
REV0001669,RST401,2024-10-03,4,false,Excellent!
REV0001670,RST401,2024-10-13,4,false,Wrong order
REV0001671,RST401,2024-09-11,4,false,Okay
REV0001672,RST401,2024-10-16,4,false,Good food!
REV0001673,RST401,2024-10-12,4,false,Cold food
REV0001674,RST401,2024-10-14,4,false,Late delivery
REV0001675,RST401,2024-09-01,4,false,Wrong order
REV0001676,RST401,2024-10-12,4,false,Bad experience
REV0001677,RST401,2024-09-20,5,false,Cold food
REV0001678,RST401,2024-09-06,4,false,Excellent!
REV0001679,RST401,2024-09-18,5,false,Excellent!
REV0001680,RST401,2024-10-19,5,false,Excellent!
REV0001681,RST108,2024-08-03,3,false,Excellent!
REV0001682,RST108,2024-07-26,4,false,Okay
REV0001683,RST108,2024-09-23,4,true,Good food!
REV0001684,RST108,2024-09-27,5,false,Good food!
REV0001685,RST108,2024-07-25,4,false,Late delivery
REV0001686,RST108,2024-09-29,4,false,Cold food
REV0001687,RST108,2024-08-21,3,false,Wrong order
REV0001688,RST108,2024-08-14,3,false,Late delivery
REV0001689,RST108,2024-07-18,3,false,Excellent!
REV0001690,RST108,2024-08-02,3,false,Okay
REV0001691,RST108,2024-09-30,4,true,Love it!
REV0001692,RST108,2024-10-20,3,false,Excellent!
REV0001693,RST108,2024-08-20,5,false,Bad experience
REV0001694,RST108,2024-09-08,3,false,Love it!
REV0001695,RST108,2024-07-26,3,false,Bad experience
REV0001696,RST108,2024-10-12,3,false,Love it!
REV0001697,RST108,2024-07-31,4,false,Bad experience
REV0001698,RST108,2024-08-30,4,false,Late delivery
REV0001699,RST108,2024-07-22,4,false,Late delivery
REV0001700,RST108,2024-07-21,3,false,Wrong order
REV0001701,RST108,2024-08-28,4,false,Love it!
REV0001702,RST108,2024-08-28,3,true,Bad experience
REV0001703,RST108,2024-09-05,3,false,Late delivery
REV0001704,RST108,2024-08-24,3,false,Cold food
REV0001705,RST108,2024-07-20,3,false,Okay
REV0001706,RST108,2024-08-19,5,false,Cold food
REV0001707,RST108,2024-08-31,4,false,Okay
REV0001708,RST108,2024-10-07,3,false,Bad experience
REV0001709,RST108,2024-10-18,5,false,Cold food
REV0001710,RST108,2024-10-20,3,false,Good food!
REV0001711,RST108,2024-07-17,4,false,Bad experience
REV0001712,RST108,2024-08-26,3,false,Love it!
REV0001713,RST108,2024-08-12,4,false,Excellent!
REV0001714,RST108,2024-08-21,5,true,Good food!
REV0001715,RST108,2024-10-09,4,true,Wrong order
REV0001716,RST108,2024-10-10,4,false,Cold food
REV0001717,RST108,2024-08-11,3,true,Good food!
REV0001718,RST108,2024-08-11,4,false,Wrong order
REV0001719,RST108,2024-08-09,3,true,Wrong order
REV0001720,RST108,2024-09-12,5,false,Late delivery
REV0001721,RST109,2024-10-17,4,false,Cold food
REV0001722,RST109,2024-09-18,3,false,Good food!
REV0001723,RST109,2024-08-05,3,true,Late delivery
REV0001724,RST109,2024-09-01,4,true,Good food!
REV0001725,RST109,2024-08-27,4,false,Late delivery
REV0001726,RST109,2024-10-14,3,false,Wrong order
REV0001727,RST109,2024-08-23,4,false,Excellent!
REV0001728,RST109,2024-10-06,3,false,Excellent!
REV0001729,RST109,2024-10-15,4,true,Cold food
REV0001730,RST109,2024-08-11,5,false,Cold food
REV0001731,RST109,2024-10-08,3,false,Late delivery
REV0001732,RST109,2024-09-17,3,true,Okay
REV0001733,RST109,2024-08-14,3,false,Wrong order
REV0001734,RST109,2024-08-30,5,false,Cold food
REV0001735,RST109,2024-10-16,4,false,Late delivery
REV0001736,RST109,2024-09-25,3,false,Excellent!
REV0001737,RST109,2024-08-14,3,false,Wrong order
REV0001738,RST109,2024-10-01,4,false,Love it!
REV0001739,RST109,2024-10-17,4,false,Okay
REV0001740,RST109,2024-10-07,3,true,Wrong order
REV0001741,RST109,2024-08-01,4,false,Excellent!
REV0001742,RST109,2024-10-19,4,false,Wrong order
REV0001743,RST109,2024-09-10,4,false,Excellent!
REV0001744,RST109,2024-09-03,4,false,Good food!
REV0001745,RST109,2024-10-10,3,true,Love it!
REV0001746,RST109,2024-07-29,5,false,Cold food
REV0001747,RST109,2024-07-29,4,false,Good food!
REV0001748,RST109,2024-08-19,4,true,Bad experience
REV0001749,RST109,2024-09-09,4,false,Cold food
REV0001750,RST109,2024-07-27,3,false,Good food!
REV0001751,RST109,2024-07-29,4,false,Love it!
REV0001752,RST109,2024-08-09,3,false,Okay
REV0001753,RST109,2024-08-30,4,false,Bad experience
REV0001754,RST109,2024-08-25,5,false,Bad experience
REV0001755,RST109,2024-08-25,5,false,Love it!
REV0001756,RST109,2024-07-27,5,false,Wrong order
REV0001757,RST109,2024-08-16,5,false,Cold food
REV0001758,RST109,2024-07-19,4,false,Good food!
REV0001759,RST109,2024-09-16,4,false,Good food!
REV0001760,RST109,2024-08-27,3,true,Cold food
