snapshot_id,snapshot_date,time_bucket,route_id,travel_date,pmt_cheapest_price,tripease_cheapest_price,price_gap_pct,pmt_is_cheaper,is_problem_period
SNAP_000001,2024-04-01,morning,ROUTE_DEL-BOM,2024-04-27,6898,6610,0.043,False,False
SNAP_000002,2024-04-01,evening,ROUTE_DEL-BOM,2024-05-08,8237,8561,-0.038,True,False
SNAP_000003,2024-04-04,morning,ROUTE_DEL-BOM,2024-04-15,6867,6525,0.052,False,False
SNAP_000004,2024-04-04,evening,ROUTE_DEL-BOM,2024-04-23,5330,5404,-0.014,True,False
SNAP_000005,2024-04-07,morning,ROUTE_DEL-BOM,2024-05-11,6989,6866,0.018,False,False
SNAP_000006,2024-04-07,evening,ROUTE_DEL-BOM,2024-05-02,6665,6611,0.008,False,False
SNAP_000007,2024-04-10,morning,ROUTE_DEL-BOM,2024-05-19,6532,6351,0.028,False,False
SNAP_000008,2024-04-10,evening,ROUTE_DEL-BOM,2024-04-24,7312,7204,0.015,False,False
SNAP_000009,2024-04-13,morning,ROUTE_DEL-BOM,2024-05-16,7743,7511,0.031,False,False
SNAP_000010,2024-04-13,evening,ROUTE_DEL-BOM,2024-04-24,8474,8877,-0.045,True,False
SNAP_000011,2024-04-16,morning,ROUTE_DEL-BOM,2024-05-30,5891,5565,0.058,False,False
SNAP_000012,2024-04-16,evening,ROUTE_DEL-BOM,2024-04-29,5515,5681,-0.029,True,False
SNAP_000013,2024-04-19,morning,ROUTE_DEL-BOM,2024-05-01,7701,7429,0.036,False,False
SNAP_000014,2024-04-19,evening,ROUTE_DEL-BOM,2024-05-04,5373,5389,-0.003,True,False
SNAP_000015,2024-04-22,morning,ROUTE_DEL-BOM,2024-05-19,9272,9019,0.028,False,False
SNAP_000016,2024-04-22,evening,ROUTE_DEL-BOM,2024-05-14,9379,9711,-0.034,True,False
SNAP_000017,2024-04-25,morning,ROUTE_DEL-BOM,2024-05-07,4517,4615,-0.021,True,False
SNAP_000018,2024-04-25,evening,ROUTE_DEL-BOM,2024-05-08,4373,4237,0.032,False,False
SNAP_000019,2024-04-28,morning,ROUTE_DEL-BOM,2024-05-11,4403,4463,-0.014,True,False
SNAP_000020,2024-04-28,evening,ROUTE_DEL-BOM,2024-05-28,8776,8426,0.041,False,False
SNAP_000021,2024-05-01,morning,ROUTE_DEL-BOM,2024-05-24,6668,6385,0.044,False,False
SNAP_000022,2024-05-01,evening,ROUTE_DEL-BOM,2024-06-02,7003,7291,-0.04,True,False
SNAP_000023,2024-05-04,morning,ROUTE_DEL-BOM,2024-06-12,4492,4328,0.038,False,False
SNAP_000024,2024-05-04,evening,ROUTE_DEL-BOM,2024-05-16,5617,5356,0.049,False,False
SNAP_000025,2024-05-07,morning,ROUTE_DEL-BOM,2024-06-13,7125,7312,-0.026,True,False
SNAP_000026,2024-05-07,evening,ROUTE_DEL-BOM,2024-05-22,8133,7889,0.031,False,False
SNAP_000027,2024-05-10,morning,ROUTE_DEL-BOM,2024-06-03,9495,9284,0.023,False,False
SNAP_000028,2024-05-10,evening,ROUTE_DEL-BOM,2024-06-18,5011,4929,0.017,False,False
SNAP_000029,2024-05-13,morning,ROUTE_DEL-BOM,2024-05-31,5917,6060,-0.024,True,False
SNAP_000030,2024-05-13,evening,ROUTE_DEL-BOM,2024-06-15,6448,6615,-0.025,True,False
SNAP_000031,2024-05-16,morning,ROUTE_DEL-BOM,2024-05-30,6996,7233,-0.033,True,False
SNAP_000032,2024-05-16,evening,ROUTE_DEL-BOM,2024-06-10,5284,5005,0.056,False,False
SNAP_000033,2024-05-19,morning,ROUTE_DEL-BOM,2024-06-07,7172,7445,-0.037,True,False
SNAP_000034,2024-05-19,evening,ROUTE_DEL-BOM,2024-06-01,9340,9227,0.012,False,False
SNAP_000035,2024-05-22,morning,ROUTE_DEL-BOM,2024-06-01,4797,4877,-0.017,True,False
SNAP_000036,2024-05-22,evening,ROUTE_DEL-BOM,2024-06-03,5986,5905,0.014,False,False
SNAP_000037,2024-05-25,morning,ROUTE_DEL-BOM,2024-06-10,4879,4664,0.046,False,False
SNAP_000038,2024-05-25,evening,ROUTE_DEL-BOM,2024-07-03,3815,3839,-0.006,True,False
SNAP_000039,2024-05-28,morning,ROUTE_DEL-BOM,2024-06-20,7064,6742,0.048,False,False
SNAP_000040,2024-05-28,evening,ROUTE_DEL-BOM,2024-06-05,7081,6932,0.021,False,False
SNAP_000041,2024-05-31,morning,ROUTE_DEL-BOM,2024-07-10,5496,5658,-0.029,True,False
SNAP_000042,2024-05-31,evening,ROUTE_DEL-BOM,2024-06-15,8580,8345,0.028,False,False
SNAP_000043,2024-06-03,morning,ROUTE_DEL-BOM,2024-07-15,7465,7562,-0.013,True,False
SNAP_000044,2024-06-03,evening,ROUTE_DEL-BOM,2024-07-14,6665,6790,-0.018,True,False
SNAP_000045,2024-06-06,morning,ROUTE_DEL-BOM,2024-06-19,8007,8275,-0.032,True,False
SNAP_000046,2024-06-06,evening,ROUTE_DEL-BOM,2024-06-28,7493,7831,-0.043,True,False
SNAP_000047,2024-06-09,morning,ROUTE_DEL-BOM,2024-07-16,8983,9403,-0.045,True,False
SNAP_000048,2024-06-09,evening,ROUTE_DEL-BOM,2024-07-09,5037,5089,-0.01,True,False
SNAP_000049,2024-06-12,morning,ROUTE_DEL-BOM,2024-06-28,8889,8444,0.053,False,False
SNAP_000050,2024-06-12,evening,ROUTE_DEL-BOM,2024-07-18,6824,7006,-0.026,True,False
SNAP_000051,2024-06-15,morning,ROUTE_DEL-BOM,2024-07-28,9340,9261,0.008,False,False
SNAP_000052,2024-06-15,evening,ROUTE_DEL-BOM,2024-07-15,7534,7244,0.04,False,False
SNAP_000053,2024-06-18,morning,ROUTE_DEL-BOM,2024-07-05,7186,6824,0.053,False,False
SNAP_000054,2024-06-18,evening,ROUTE_DEL-BOM,2024-07-20,4240,4379,-0.032,True,False
SNAP_000055,2024-06-21,morning,ROUTE_DEL-BOM,2024-07-29,6926,6852,0.011,False,False
SNAP_000056,2024-06-21,evening,ROUTE_DEL-BOM,2024-07-21,8860,8474,0.045,False,False
SNAP_000057,2024-06-24,morning,ROUTE_DEL-BOM,2024-07-27,8744,8378,0.044,False,False
SNAP_000058,2024-06-24,evening,ROUTE_DEL-BOM,2024-07-25,8771,8557,0.025,False,False
SNAP_000059,2024-06-27,morning,ROUTE_DEL-BOM,2024-08-01,6894,6553,0.052,False,False
SNAP_000060,2024-06-27,evening,ROUTE_DEL-BOM,2024-07-10,8405,8712,-0.035,True,False
SNAP_000061,2024-06-30,morning,ROUTE_DEL-BOM,2024-07-25,6814,6831,-0.003,True,False
SNAP_000062,2024-06-30,evening,ROUTE_DEL-BOM,2024-08-01,8699,8399,0.036,False,False
SNAP_000063,2024-07-03,morning,ROUTE_DEL-BOM,2024-07-20,7529,6870,0.096,False,True
SNAP_000064,2024-07-03,evening,ROUTE_DEL-BOM,2024-07-17,4749,4221,0.125,False,True
SNAP_000065,2024-07-06,morning,ROUTE_DEL-BOM,2024-07-29,9091,8200,0.109,False,True
SNAP_000066,2024-07-06,evening,ROUTE_DEL-BOM,2024-07-20,8269,7165,0.154,False,True
SNAP_000067,2024-07-09,morning,ROUTE_DEL-BOM,2024-07-17,5339,4633,0.152,False,True
SNAP_000068,2024-07-09,evening,ROUTE_DEL-BOM,2024-07-22,3909,3405,0.148,False,True
SNAP_000069,2024-07-12,morning,ROUTE_DEL-BOM,2024-08-04,8712,7542,0.155,False,True
SNAP_000070,2024-07-12,evening,ROUTE_DEL-BOM,2024-08-07,7054,6396,0.103,False,True
SNAP_000071,2024-07-15,morning,ROUTE_DEL-BOM,2024-08-19,6131,5647,0.086,False,True
SNAP_000072,2024-07-15,evening,ROUTE_DEL-BOM,2024-07-25,8118,7466,0.087,False,True
SNAP_000073,2024-07-18,morning,ROUTE_DEL-BOM,2024-08-15,4662,4065,0.147,False,True
SNAP_000074,2024-07-18,evening,ROUTE_DEL-BOM,2024-07-25,8389,7313,0.147,False,True
SNAP_000075,2024-07-21,morning,ROUTE_DEL-BOM,2024-08-12,8450,7794,0.084,False,True
SNAP_000076,2024-07-21,evening,ROUTE_DEL-BOM,2024-07-30,5854,5132,0.141,False,True
SNAP_000077,2024-07-24,morning,ROUTE_DEL-BOM,2024-08-30,8260,7483,0.104,False,True
SNAP_000078,2024-07-24,evening,ROUTE_DEL-BOM,2024-08-01,8443,7608,0.11,False,True
SNAP_000079,2024-07-27,morning,ROUTE_DEL-BOM,2024-08-30,5463,4896,0.116,False,True
SNAP_000080,2024-07-27,evening,ROUTE_DEL-BOM,2024-08-09,5462,4747,0.151,False,True
SNAP_000081,2024-07-30,morning,ROUTE_DEL-BOM,2024-09-11,6495,5805,0.119,False,True
SNAP_000082,2024-07-30,evening,ROUTE_DEL-BOM,2024-08-18,9440,8609,0.096,False,True
SNAP_000083,2024-08-02,morning,ROUTE_DEL-BOM,2024-08-14,5954,5379,0.107,False,True
SNAP_000084,2024-08-02,evening,ROUTE_DEL-BOM,2024-08-21,8194,7293,0.123,False,True
SNAP_000085,2024-08-05,morning,ROUTE_DEL-BOM,2024-08-26,7215,6321,0.141,False,True
SNAP_000086,2024-08-05,evening,ROUTE_DEL-BOM,2024-08-16,8305,7541,0.101,False,True
SNAP_000087,2024-08-08,morning,ROUTE_DEL-BOM,2024-08-30,6113,5375,0.137,False,True
SNAP_000088,2024-08-08,evening,ROUTE_DEL-BOM,2024-09-02,5343,4719,0.132,False,True
SNAP_000089,2024-08-11,morning,ROUTE_DEL-BOM,2024-09-18,6198,5504,0.126,False,True
SNAP_000090,2024-08-11,evening,ROUTE_DEL-BOM,2024-09-18,7078,6478,0.092,False,True
SNAP_000091,2024-08-14,morning,ROUTE_DEL-BOM,2024-09-26,8375,7492,0.118,False,True
SNAP_000092,2024-08-14,evening,ROUTE_DEL-BOM,2024-09-03,6373,5571,0.144,False,True
SNAP_000093,2024-08-17,morning,ROUTE_DEL-BOM,2024-09-15,6311,5703,0.106,False,True
SNAP_000094,2024-08-17,evening,ROUTE_DEL-BOM,2024-09-28,5623,5171,0.087,False,True
SNAP_000095,2024-08-20,morning,ROUTE_DEL-BOM,2024-09-05,6507,5849,0.112,False,True
SNAP_000096,2024-08-20,evening,ROUTE_DEL-BOM,2024-09-12,8265,7400,0.117,False,True
SNAP_000097,2024-08-23,morning,ROUTE_DEL-BOM,2024-09-13,9364,8650,0.083,False,True
SNAP_000098,2024-08-23,evening,ROUTE_DEL-BOM,2024-09-25,5037,4557,0.105,False,True
SNAP_000099,2024-08-26,morning,ROUTE_DEL-BOM,2024-09-05,4501,3954,0.138,False,True
SNAP_000100,2024-08-26,evening,ROUTE_DEL-BOM,2024-09-10,4865,4490,0.083,False,True
SNAP_000101,2024-08-29,morning,ROUTE_DEL-BOM,2024-09-26,9364,8488,0.103,False,True
SNAP_000102,2024-08-29,evening,ROUTE_DEL-BOM,2024-10-03,4469,4042,0.106,False,True
SNAP_000103,2024-04-01,morning,ROUTE_BOM-BLR,2024-04-21,6399,6377,0.003,False,False
SNAP_000104,2024-04-01,evening,ROUTE_BOM-BLR,2024-04-12,6088,6007,0.013,False,False
SNAP_000105,2024-04-04,morning,ROUTE_BOM-BLR,2024-05-06,9450,9156,0.032,False,False
SNAP_000106,2024-04-04,evening,ROUTE_BOM-BLR,2024-05-18,6211,6106,0.017,False,False
SNAP_000107,2024-04-07,morning,ROUTE_BOM-BLR,2024-04-23,6395,6236,0.025,False,False
SNAP_000108,2024-04-07,evening,ROUTE_BOM-BLR,2024-05-07,6633,6840,-0.03,True,False
SNAP_000109,2024-04-10,morning,ROUTE_BOM-BLR,2024-05-19,6794,6785,0.001,False,False
SNAP_000110,2024-04-10,evening,ROUTE_BOM-BLR,2024-05-11,5323,5098,0.044,False,False
SNAP_000111,2024-04-13,morning,ROUTE_BOM-BLR,2024-05-06,8053,7633,0.055,False,False
SNAP_000112,2024-04-13,evening,ROUTE_BOM-BLR,2024-05-24,5434,5606,-0.031,True,False
SNAP_000113,2024-04-16,morning,ROUTE_BOM-BLR,2024-05-24,7017,7247,-0.032,True,False
SNAP_000114,2024-04-16,evening,ROUTE_BOM-BLR,2024-05-25,4882,4771,0.023,False,False
SNAP_000115,2024-04-19,morning,ROUTE_BOM-BLR,2024-05-29,8369,8592,-0.026,True,False
SNAP_000116,2024-04-19,evening,ROUTE_BOM-BLR,2024-05-08,7768,8167,-0.049,True,False
SNAP_000117,2024-04-22,morning,ROUTE_BOM-BLR,2024-05-27,7377,7305,0.01,False,False
SNAP_000118,2024-04-22,evening,ROUTE_BOM-BLR,2024-05-17,5569,5781,-0.037,True,False
SNAP_000119,2024-04-25,morning,ROUTE_BOM-BLR,2024-06-02,4208,4123,0.02,False,False
SNAP_000120,2024-04-25,evening,ROUTE_BOM-BLR,2024-05-26,5707,5645,0.011,False,False
SNAP_000121,2024-04-28,morning,ROUTE_BOM-BLR,2024-05-05,8109,8188,-0.01,True,False
SNAP_000122,2024-04-28,evening,ROUTE_BOM-BLR,2024-05-13,5766,5748,0.003,False,False
SNAP_000123,2024-05-01,morning,ROUTE_BOM-BLR,2024-06-07,5402,5160,0.047,False,False
SNAP_000124,2024-05-01,evening,ROUTE_BOM-BLR,2024-06-13,5216,5297,-0.015,True,False
SNAP_000125,2024-05-04,morning,ROUTE_BOM-BLR,2024-06-10,5901,6097,-0.032,True,False
SNAP_000126,2024-05-04,evening,ROUTE_BOM-BLR,2024-06-07,7852,8197,-0.042,True,False
SNAP_000127,2024-05-07,morning,ROUTE_BOM-BLR,2024-05-16,6985,6783,0.03,False,False
SNAP_000128,2024-05-07,evening,ROUTE_BOM-BLR,2024-06-16,3832,3920,-0.023,True,False
SNAP_000129,2024-05-10,morning,ROUTE_BOM-BLR,2024-05-26,8068,7618,0.059,False,False
SNAP_000130,2024-05-10,evening,ROUTE_BOM-BLR,2024-06-21,7507,7391,0.016,False,False
SNAP_000131,2024-05-13,morning,ROUTE_BOM-BLR,2024-06-01,5855,5667,0.033,False,False
SNAP_000132,2024-05-13,evening,ROUTE_BOM-BLR,2024-06-11,9248,9589,-0.036,True,False
SNAP_000133,2024-05-16,morning,ROUTE_BOM-BLR,2024-06-12,4937,4710,0.048,False,False
SNAP_000134,2024-05-16,evening,ROUTE_BOM-BLR,2024-06-03,4904,4777,0.026,False,False
SNAP_000135,2024-05-19,morning,ROUTE_BOM-BLR,2024-06-04,8081,8500,-0.049,True,False
SNAP_000136,2024-05-19,evening,ROUTE_BOM-BLR,2024-06-12,8627,8900,-0.031,True,False
SNAP_000137,2024-05-22,morning,ROUTE_BOM-BLR,2024-06-19,6533,6737,-0.03,True,False
SNAP_000138,2024-05-22,evening,ROUTE_BOM-BLR,2024-06-20,7517,7855,-0.043,True,False
SNAP_000139,2024-05-25,morning,ROUTE_BOM-BLR,2024-06-26,5233,5290,-0.011,True,False
SNAP_000140,2024-05-25,evening,ROUTE_BOM-BLR,2024-07-04,7612,7309,0.041,False,False
SNAP_000141,2024-05-28,morning,ROUTE_BOM-BLR,2024-07-02,4446,4599,-0.033,True,False
SNAP_000142,2024-05-28,evening,ROUTE_BOM-BLR,2024-06-16,6792,6664,0.019,False,False
SNAP_000143,2024-05-31,morning,ROUTE_BOM-BLR,2024-06-10,3888,3684,0.055,False,False
SNAP_000144,2024-05-31,evening,ROUTE_BOM-BLR,2024-06-16,5012,4994,0.003,False,False
SNAP_000145,2024-06-03,morning,ROUTE_BOM-BLR,2024-07-09,5981,6025,-0.007,True,False
SNAP_000146,2024-06-03,evening,ROUTE_BOM-BLR,2024-07-08,8113,8233,-0.015,True,False
SNAP_000147,2024-06-06,morning,ROUTE_BOM-BLR,2024-07-16,9335,9096,0.026,False,False
SNAP_000148,2024-06-06,evening,ROUTE_BOM-BLR,2024-07-19,8926,8700,0.026,False,False
SNAP_000149,2024-06-09,morning,ROUTE_BOM-BLR,2024-06-19,6438,6655,-0.033,True,False
SNAP_000150,2024-06-09,evening,ROUTE_BOM-BLR,2024-07-22,7853,7491,0.048,False,False
SNAP_000151,2024-06-12,morning,ROUTE_BOM-BLR,2024-07-25,9420,9445,-0.003,True,False
SNAP_000152,2024-06-12,evening,ROUTE_BOM-BLR,2024-06-22,7353,7374,-0.003,True,False
SNAP_000153,2024-06-15,morning,ROUTE_BOM-BLR,2024-07-16,6678,6869,-0.028,True,False
SNAP_000154,2024-06-15,evening,ROUTE_BOM-BLR,2024-07-23,7396,7424,-0.004,True,False
SNAP_000155,2024-06-18,morning,ROUTE_BOM-BLR,2024-07-21,4957,4839,0.024,False,False
SNAP_000156,2024-06-18,evening,ROUTE_BOM-BLR,2024-06-30,5712,5831,-0.021,True,False
SNAP_000157,2024-06-21,morning,ROUTE_BOM-BLR,2024-07-02,6661,6865,-0.03,True,False
SNAP_000158,2024-06-21,evening,ROUTE_BOM-BLR,2024-06-28,6875,6513,0.055,False,False
SNAP_000159,2024-06-24,morning,ROUTE_BOM-BLR,2024-07-27,5003,5138,-0.026,True,False
SNAP_000160,2024-06-24,evening,ROUTE_BOM-BLR,2024-07-29,9001,8606,0.046,False,False
SNAP_000161,2024-06-27,morning,ROUTE_BOM-BLR,2024-07-17,5010,4848,0.033,False,False
SNAP_000162,2024-06-27,evening,ROUTE_BOM-BLR,2024-08-09,9308,9624,-0.033,True,False
SNAP_000163,2024-06-30,morning,ROUTE_BOM-BLR,2024-07-17,5504,5690,-0.033,True,False
SNAP_000164,2024-06-30,evening,ROUTE_BOM-BLR,2024-07-12,8866,8624,0.028,False,False
SNAP_000165,2024-07-03,morning,ROUTE_BOM-BLR,2024-08-16,4038,3713,0.087,False,True
SNAP_000166,2024-07-03,evening,ROUTE_BOM-BLR,2024-07-30,8481,7508,0.13,False,True
SNAP_000167,2024-07-06,morning,ROUTE_BOM-BLR,2024-07-30,3860,3332,0.158,False,True
SNAP_000168,2024-07-06,evening,ROUTE_BOM-BLR,2024-08-04,6005,5318,0.129,False,True
SNAP_000169,2024-07-09,morning,ROUTE_BOM-BLR,2024-07-26,3871,3490,0.109,False,True
SNAP_000170,2024-07-09,evening,ROUTE_BOM-BLR,2024-07-27,4415,4005,0.102,False,True
SNAP_000171,2024-07-12,morning,ROUTE_BOM-BLR,2024-08-11,9102,8032,0.133,False,True
SNAP_000172,2024-07-12,evening,ROUTE_BOM-BLR,2024-08-19,8530,7720,0.105,False,True
SNAP_000173,2024-07-15,morning,ROUTE_BOM-BLR,2024-08-04,5460,4936,0.106,False,True
SNAP_000174,2024-07-15,evening,ROUTE_BOM-BLR,2024-08-13,5214,4625,0.127,False,True
SNAP_000175,2024-07-18,morning,ROUTE_BOM-BLR,2024-08-09,3907,3469,0.126,False,True
SNAP_000176,2024-07-18,evening,ROUTE_BOM-BLR,2024-08-27,7102,6403,0.109,False,True
SNAP_000177,2024-07-21,morning,ROUTE_BOM-BLR,2024-08-30,8661,7528,0.15,False,True
SNAP_000178,2024-07-21,evening,ROUTE_BOM-BLR,2024-08-31,7723,6940,0.113,False,True
SNAP_000179,2024-07-24,morning,ROUTE_BOM-BLR,2024-08-17,5224,4795,0.089,False,True
SNAP_000180,2024-07-24,evening,ROUTE_BOM-BLR,2024-08-13,6360,5693,0.117,False,True
SNAP_000181,2024-07-27,morning,ROUTE_BOM-BLR,2024-08-28,6485,5743,0.129,False,True
SNAP_000182,2024-07-27,evening,ROUTE_BOM-BLR,2024-09-09,5256,4793,0.096,False,True
SNAP_000183,2024-07-30,morning,ROUTE_BOM-BLR,2024-09-03,4957,4440,0.116,False,True
SNAP_000184,2024-07-30,evening,ROUTE_BOM-BLR,2024-08-10,4175,3743,0.115,False,True
SNAP_000185,2024-08-02,morning,ROUTE_BOM-BLR,2024-09-12,8604,7671,0.122,False,True
SNAP_000186,2024-08-02,evening,ROUTE_BOM-BLR,2024-09-10,4236,3777,0.121,False,True
SNAP_000187,2024-08-05,morning,ROUTE_BOM-BLR,2024-08-23,4122,3660,0.126,False,True
SNAP_000188,2024-08-05,evening,ROUTE_BOM-BLR,2024-08-20,3800,3385,0.122,False,True
SNAP_000189,2024-08-08,morning,ROUTE_BOM-BLR,2024-09-17,4431,3836,0.155,False,True
SNAP_000190,2024-08-08,evening,ROUTE_BOM-BLR,2024-09-06,5093,4636,0.099,False,True
SNAP_000191,2024-08-11,morning,ROUTE_BOM-BLR,2024-08-30,8675,7816,0.11,False,True
SNAP_000192,2024-08-11,evening,ROUTE_BOM-BLR,2024-09-06,5173,4654,0.111,False,True
SNAP_000193,2024-08-14,morning,ROUTE_BOM-BLR,2024-09-26,4280,3956,0.082,False,True
SNAP_000194,2024-08-14,evening,ROUTE_BOM-BLR,2024-09-16,8982,8287,0.084,False,True
SNAP_000195,2024-08-17,morning,ROUTE_BOM-BLR,2024-09-11,7345,6718,0.093,False,True
SNAP_000196,2024-08-17,evening,ROUTE_BOM-BLR,2024-09-23,6195,5442,0.138,False,True
SNAP_000197,2024-08-20,morning,ROUTE_BOM-BLR,2024-09-08,8024,6940,0.156,False,True
SNAP_000198,2024-08-20,evening,ROUTE_BOM-BLR,2024-10-01,5803,5338,0.087,False,True
SNAP_000199,2024-08-23,morning,ROUTE_BOM-BLR,2024-09-14,7273,6542,0.112,False,True
SNAP_000200,2024-08-23,evening,ROUTE_BOM-BLR,2024-10-02,5484,4759,0.152,False,True
SNAP_000201,2024-08-26,morning,ROUTE_BOM-BLR,2024-10-02,8465,7542,0.122,False,True
SNAP_000202,2024-08-26,evening,ROUTE_BOM-BLR,2024-09-09,5489,4736,0.159,False,True
SNAP_000203,2024-08-29,morning,ROUTE_BOM-BLR,2024-09-19,5552,5072,0.095,False,True
SNAP_000204,2024-08-29,evening,ROUTE_BOM-BLR,2024-09-08,8681,7826,0.109,False,True
SNAP_000205,2024-04-01,morning,ROUTE_DEL-BLR,2024-04-19,6671,6873,-0.029,True,False
SNAP_000206,2024-04-01,evening,ROUTE_DEL-BLR,2024-05-02,9120,9048,0.008,False,False
SNAP_000207,2024-04-04,morning,ROUTE_DEL-BLR,2024-04-22,4864,4869,-0.001,True,False
SNAP_000208,2024-04-04,evening,ROUTE_DEL-BLR,2024-05-07,5585,5616,-0.006,True,False
SNAP_000209,2024-04-07,morning,ROUTE_DEL-BLR,2024-05-19,8836,8670,0.019,False,False
SNAP_000210,2024-04-07,evening,ROUTE_DEL-BLR,2024-04-27,4641,4835,-0.04,True,False
SNAP_000211,2024-04-10,morning,ROUTE_DEL-BLR,2024-05-09,4070,4137,-0.016,True,False
SNAP_000212,2024-04-10,evening,ROUTE_DEL-BLR,2024-05-14,6379,6405,-0.004,True,False
SNAP_000213,2024-04-13,morning,ROUTE_DEL-BLR,2024-05-18,9378,9823,-0.045,True,False
SNAP_000214,2024-04-13,evening,ROUTE_DEL-BLR,2024-04-28,4169,4213,-0.011,True,False
SNAP_000215,2024-04-16,morning,ROUTE_DEL-BLR,2024-05-28,6770,6486,0.044,False,False
SNAP_000216,2024-04-16,evening,ROUTE_DEL-BLR,2024-05-27,4981,5212,-0.044,True,False
SNAP_000217,2024-04-19,morning,ROUTE_DEL-BLR,2024-05-06,5351,5506,-0.028,True,False
SNAP_000218,2024-04-19,evening,ROUTE_DEL-BLR,2024-05-15,7167,7159,0.001,False,False
SNAP_000219,2024-04-22,morning,ROUTE_DEL-BLR,2024-05-26,5400,5584,-0.033,True,False
SNAP_000220,2024-04-22,evening,ROUTE_DEL-BLR,2024-05-08,7753,7892,-0.018,True,False
SNAP_000221,2024-04-25,morning,ROUTE_DEL-BLR,2024-05-21,6291,6265,0.004,False,False
SNAP_000222,2024-04-25,evening,ROUTE_DEL-BLR,2024-05-17,9121,9241,-0.013,True,False
SNAP_000223,2024-04-28,morning,ROUTE_DEL-BLR,2024-05-25,7920,7851,0.009,False,False
SNAP_000224,2024-04-28,evening,ROUTE_DEL-BLR,2024-05-10,8973,8722,0.029,False,False
SNAP_000225,2024-05-01,morning,ROUTE_DEL-BLR,2024-05-11,5814,5557,0.046,False,False
SNAP_000226,2024-05-01,evening,ROUTE_DEL-BLR,2024-05-31,4983,5157,-0.034,True,False
SNAP_000227,2024-05-04,morning,ROUTE_DEL-BLR,2024-05-11,7253,6857,0.058,False,False
SNAP_000228,2024-05-04,evening,ROUTE_DEL-BLR,2024-06-16,8307,8455,-0.018,True,False
SNAP_000229,2024-05-07,morning,ROUTE_DEL-BLR,2024-05-26,5718,5779,-0.011,True,False
SNAP_000230,2024-05-07,evening,ROUTE_DEL-BLR,2024-06-04,7678,8060,-0.047,True,False
SNAP_000231,2024-05-10,morning,ROUTE_DEL-BLR,2024-06-09,4342,4526,-0.041,True,False
SNAP_000232,2024-05-10,evening,ROUTE_DEL-BLR,2024-05-22,4326,4122,0.049,False,False
SNAP_000233,2024-05-13,morning,ROUTE_DEL-BLR,2024-06-14,8342,8217,0.015,False,False
SNAP_000234,2024-05-13,evening,ROUTE_DEL-BLR,2024-05-25,6768,6757,0.002,False,False
SNAP_000235,2024-05-16,morning,ROUTE_DEL-BLR,2024-06-03,4566,4336,0.053,False,False
SNAP_000236,2024-05-16,evening,ROUTE_DEL-BLR,2024-06-06,7064,6753,0.046,False,False
SNAP_000237,2024-05-19,morning,ROUTE_DEL-BLR,2024-06-24,8638,8822,-0.021,True,False
SNAP_000238,2024-05-19,evening,ROUTE_DEL-BLR,2024-06-18,6444,6394,0.008,False,False
SNAP_000239,2024-05-22,morning,ROUTE_DEL-BLR,2024-06-30,6282,6118,0.027,False,False
SNAP_000240,2024-05-22,evening,ROUTE_DEL-BLR,2024-06-28,7366,7384,-0.002,True,False
SNAP_000241,2024-05-25,morning,ROUTE_DEL-BLR,2024-07-04,7222,7080,0.02,False,False
SNAP_000242,2024-05-25,evening,ROUTE_DEL-BLR,2024-07-04,9281,9421,-0.015,True,False
SNAP_000243,2024-05-28,morning,ROUTE_DEL-BLR,2024-06-05,6693,6330,0.057,False,False
SNAP_000244,2024-05-28,evening,ROUTE_DEL-BLR,2024-06-08,7715,8066,-0.044,True,False
SNAP_000245,2024-05-31,morning,ROUTE_DEL-BLR,2024-07-05,4198,4019,0.044,False,False
SNAP_000246,2024-05-31,evening,ROUTE_DEL-BLR,2024-06-28,5178,5449,-0.05,True,False
SNAP_000247,2024-06-03,morning,ROUTE_DEL-BLR,2024-07-01,9154,8853,0.034,False,False
SNAP_000248,2024-06-03,evening,ROUTE_DEL-BLR,2024-06-13,3943,4121,-0.043,True,False
SNAP_000249,2024-06-06,morning,ROUTE_DEL-BLR,2024-07-19,6885,6513,0.057,False,False
SNAP_000250,2024-06-06,evening,ROUTE_DEL-BLR,2024-06-17,6625,6656,-0.005,True,False
SNAP_000251,2024-06-09,morning,ROUTE_DEL-BLR,2024-06-24,5513,5346,0.031,False,False
SNAP_000252,2024-06-09,evening,ROUTE_DEL-BLR,2024-07-05,7891,8170,-0.034,True,False
SNAP_000253,2024-06-12,morning,ROUTE_DEL-BLR,2024-07-08,7195,6831,0.053,False,False
SNAP_000254,2024-06-12,evening,ROUTE_DEL-BLR,2024-06-20,6517,6239,0.044,False,False
SNAP_000255,2024-06-15,morning,ROUTE_DEL-BLR,2024-07-13,4983,5132,-0.029,True,False
SNAP_000256,2024-06-15,evening,ROUTE_DEL-BLR,2024-06-22,4337,4269,0.016,False,False
SNAP_000257,2024-06-18,morning,ROUTE_DEL-BLR,2024-07-30,5272,5428,-0.029,True,False
SNAP_000258,2024-06-18,evening,ROUTE_DEL-BLR,2024-07-22,6249,6531,-0.043,True,False
SNAP_000259,2024-06-21,morning,ROUTE_DEL-BLR,2024-08-01,6105,5886,0.037,False,False
SNAP_000260,2024-06-21,evening,ROUTE_DEL-BLR,2024-07-11,8338,8092,0.03,False,False
SNAP_000261,2024-06-24,morning,ROUTE_DEL-BLR,2024-07-02,6184,6082,0.017,False,False
SNAP_000262,2024-06-24,evening,ROUTE_DEL-BLR,2024-07-06,8024,7853,0.022,False,False
SNAP_000263,2024-06-27,morning,ROUTE_DEL-BLR,2024-08-10,6607,6590,0.002,False,False
SNAP_000264,2024-06-27,evening,ROUTE_DEL-BLR,2024-07-23,6452,6610,-0.024,True,False
SNAP_000265,2024-06-30,morning,ROUTE_DEL-BLR,2024-08-07,4769,4613,0.034,False,False
SNAP_000266,2024-06-30,evening,ROUTE_DEL-BLR,2024-08-10,6845,6655,0.029,False,False
SNAP_000267,2024-07-03,morning,ROUTE_DEL-BLR,2024-07-24,8135,7195,0.131,False,True
SNAP_000268,2024-07-03,evening,ROUTE_DEL-BLR,2024-07-20,7856,7266,0.081,False,True
SNAP_000269,2024-07-06,morning,ROUTE_DEL-BLR,2024-08-09,6785,5968,0.137,False,True
SNAP_000270,2024-07-06,evening,ROUTE_DEL-BLR,2024-08-15,6759,6126,0.103,False,True
SNAP_000271,2024-07-09,morning,ROUTE_DEL-BLR,2024-08-12,4018,3490,0.151,False,True
SNAP_000272,2024-07-09,evening,ROUTE_DEL-BLR,2024-08-16,7866,7167,0.097,False,True
SNAP_000273,2024-07-12,morning,ROUTE_DEL-BLR,2024-08-16,7974,6971,0.144,False,True
SNAP_000274,2024-07-12,evening,ROUTE_DEL-BLR,2024-07-25,9067,7861,0.153,False,True
SNAP_000275,2024-07-15,morning,ROUTE_DEL-BLR,2024-07-30,5282,4738,0.115,False,True
SNAP_000276,2024-07-15,evening,ROUTE_DEL-BLR,2024-08-05,5670,5111,0.109,False,True
SNAP_000277,2024-07-18,morning,ROUTE_DEL-BLR,2024-08-04,4006,3519,0.138,False,True
SNAP_000278,2024-07-18,evening,ROUTE_DEL-BLR,2024-08-13,7883,7024,0.122,False,True
SNAP_000279,2024-07-21,morning,ROUTE_DEL-BLR,2024-08-18,6486,5843,0.11,False,True
SNAP_000280,2024-07-21,evening,ROUTE_DEL-BLR,2024-08-17,6377,5675,0.124,False,True
SNAP_000281,2024-07-24,morning,ROUTE_DEL-BLR,2024-09-05,7210,6506,0.108,False,True
SNAP_000282,2024-07-24,evening,ROUTE_DEL-BLR,2024-08-12,5050,4440,0.137,False,True
SNAP_000283,2024-07-27,morning,ROUTE_DEL-BLR,2024-09-02,5197,4740,0.096,False,True
SNAP_000284,2024-07-27,evening,ROUTE_DEL-BLR,2024-08-16,6831,5948,0.148,False,True
SNAP_000285,2024-07-30,morning,ROUTE_DEL-BLR,2024-08-23,6843,6094,0.123,False,True
SNAP_000286,2024-07-30,evening,ROUTE_DEL-BLR,2024-08-26,8969,8147,0.101,False,True
SNAP_000287,2024-08-02,morning,ROUTE_DEL-BLR,2024-09-15,8505,7761,0.096,False,True
SNAP_000288,2024-08-02,evening,ROUTE_DEL-BLR,2024-08-09,8761,7856,0.115,False,True
SNAP_000289,2024-08-05,morning,ROUTE_DEL-BLR,2024-08-31,6903,6080,0.135,False,True
SNAP_000290,2024-08-05,evening,ROUTE_DEL-BLR,2024-09-17,5179,4674,0.108,False,True
SNAP_000291,2024-08-08,morning,ROUTE_DEL-BLR,2024-08-27,5223,4647,0.124,False,True
SNAP_000292,2024-08-08,evening,ROUTE_DEL-BLR,2024-08-20,6306,5630,0.12,False,True
SNAP_000293,2024-08-11,morning,ROUTE_DEL-BLR,2024-08-20,8895,7675,0.159,False,True
SNAP_000294,2024-08-11,evening,ROUTE_DEL-BLR,2024-09-16,4567,3984,0.146,False,True
SNAP_000295,2024-08-14,morning,ROUTE_DEL-BLR,2024-09-25,7903,6907,0.144,False,True
SNAP_000296,2024-08-14,evening,ROUTE_DEL-BLR,2024-08-22,6888,6073,0.134,False,True
SNAP_000297,2024-08-17,morning,ROUTE_DEL-BLR,2024-09-07,4228,3774,0.12,False,True
SNAP_000298,2024-08-17,evening,ROUTE_DEL-BLR,2024-09-20,5308,4779,0.111,False,True
SNAP_000299,2024-08-20,morning,ROUTE_DEL-BLR,2024-08-31,5349,4840,0.105,False,True
SNAP_000300,2024-08-20,evening,ROUTE_DEL-BLR,2024-09-30,6270,5613,0.117,False,True
SNAP_000301,2024-08-23,morning,ROUTE_DEL-BLR,2024-09-24,7863,6875,0.144,False,True
SNAP_000302,2024-08-23,evening,ROUTE_DEL-BLR,2024-09-29,8231,7315,0.125,False,True
SNAP_000303,2024-08-26,morning,ROUTE_DEL-BLR,2024-09-19,6565,5834,0.125,False,True
SNAP_000304,2024-08-26,evening,ROUTE_DEL-BLR,2024-09-13,5465,5042,0.084,False,True
SNAP_000305,2024-08-29,morning,ROUTE_DEL-BLR,2024-09-30,7075,6300,0.123,False,True
SNAP_000306,2024-08-29,evening,ROUTE_DEL-BLR,2024-09-11,6205,5579,0.112,False,True
SNAP_000307,2024-04-01,morning,ROUTE_DEL-HYD,2024-04-20,6655,6581,0.011,False,False
SNAP_000308,2024-04-01,evening,ROUTE_DEL-HYD,2024-04-10,7309,7003,0.044,False,False
SNAP_000309,2024-04-04,morning,ROUTE_DEL-HYD,2024-04-20,4146,4095,0.012,False,False
SNAP_000310,2024-04-04,evening,ROUTE_DEL-HYD,2024-05-17,5210,5149,0.012,False,False
SNAP_000311,2024-04-07,morning,ROUTE_DEL-HYD,2024-04-23,5223,5187,0.007,False,False
SNAP_000312,2024-04-07,evening,ROUTE_DEL-HYD,2024-04-27,8411,8822,-0.047,True,False
SNAP_000313,2024-04-10,morning,ROUTE_DEL-HYD,2024-04-22,4053,3947,0.027,False,False
SNAP_000314,2024-04-10,evening,ROUTE_DEL-HYD,2024-04-22,3863,3734,0.034,False,False
SNAP_000315,2024-04-13,morning,ROUTE_DEL-HYD,2024-05-09,7629,7844,-0.027,True,False
SNAP_000316,2024-04-13,evening,ROUTE_DEL-HYD,2024-05-07,8483,8249,0.028,False,False
SNAP_000317,2024-04-16,morning,ROUTE_DEL-HYD,2024-04-25,5692,5969,-0.046,True,False
SNAP_000318,2024-04-16,evening,ROUTE_DEL-HYD,2024-05-17,4286,4486,-0.045,True,False
SNAP_000319,2024-04-19,morning,ROUTE_DEL-HYD,2024-04-27,6505,6785,-0.041,True,False
SNAP_000320,2024-04-19,evening,ROUTE_DEL-HYD,2024-05-04,6218,6022,0.033,False,False
SNAP_000321,2024-04-22,morning,ROUTE_DEL-HYD,2024-05-25,6992,7204,-0.03,True,False
SNAP_000322,2024-04-22,evening,ROUTE_DEL-HYD,2024-06-04,4628,4551,0.017,False,False
SNAP_000323,2024-04-25,morning,ROUTE_DEL-HYD,2024-05-18,4562,4736,-0.037,True,False
SNAP_000324,2024-04-25,evening,ROUTE_DEL-HYD,2024-05-12,7384,7060,0.046,False,False
SNAP_000325,2024-04-28,morning,ROUTE_DEL-HYD,2024-05-11,5818,6043,-0.037,True,False
SNAP_000326,2024-04-28,evening,ROUTE_DEL-HYD,2024-06-01,4228,4142,0.021,False,False
SNAP_000327,2024-05-01,morning,ROUTE_DEL-HYD,2024-06-10,6377,6516,-0.021,True,False
SNAP_000328,2024-05-01,evening,ROUTE_DEL-HYD,2024-06-10,5153,5239,-0.017,True,False
SNAP_000329,2024-05-04,morning,ROUTE_DEL-HYD,2024-05-20,4617,4523,0.021,False,False
SNAP_000330,2024-05-04,evening,ROUTE_DEL-HYD,2024-05-16,7936,7564,0.049,False,False
SNAP_000331,2024-05-07,morning,ROUTE_DEL-HYD,2024-06-15,3902,4092,-0.047,True,False
SNAP_000332,2024-05-07,evening,ROUTE_DEL-HYD,2024-06-20,5550,5656,-0.019,True,False
SNAP_000333,2024-05-10,morning,ROUTE_DEL-HYD,2024-05-27,6683,6795,-0.017,True,False
SNAP_000334,2024-05-10,evening,ROUTE_DEL-HYD,2024-05-31,5841,5963,-0.021,True,False
SNAP_000335,2024-05-13,morning,ROUTE_DEL-HYD,2024-05-20,5727,5832,-0.018,True,False
SNAP_000336,2024-05-13,evening,ROUTE_DEL-HYD,2024-06-18,5943,6201,-0.042,True,False
SNAP_000337,2024-05-16,morning,ROUTE_DEL-HYD,2024-05-29,8299,8022,0.035,False,False
SNAP_000338,2024-05-16,evening,ROUTE_DEL-HYD,2024-05-31,4077,3886,0.049,False,False
SNAP_000339,2024-05-19,morning,ROUTE_DEL-HYD,2024-05-29,5255,5161,0.018,False,False
SNAP_000340,2024-05-19,evening,ROUTE_DEL-HYD,2024-06-20,4693,4838,-0.03,True,False
SNAP_000341,2024-05-22,morning,ROUTE_DEL-HYD,2024-06-22,4899,5052,-0.03,True,False
SNAP_000342,2024-05-22,evening,ROUTE_DEL-HYD,2024-07-04,5569,5391,0.033,False,False
SNAP_000343,2024-05-25,morning,ROUTE_DEL-HYD,2024-06-02,5837,5602,0.042,False,False
SNAP_000344,2024-05-25,evening,ROUTE_DEL-HYD,2024-07-05,4026,4034,-0.002,True,False
SNAP_000345,2024-05-28,morning,ROUTE_DEL-HYD,2024-06-27,8214,8361,-0.018,True,False
SNAP_000346,2024-05-28,evening,ROUTE_DEL-HYD,2024-06-12,7288,7045,0.034,False,False
SNAP_000347,2024-05-31,morning,ROUTE_DEL-HYD,2024-06-16,4826,5004,-0.036,True,False
SNAP_000348,2024-05-31,evening,ROUTE_DEL-HYD,2024-07-13,5406,5585,-0.032,True,False
SNAP_000349,2024-06-03,morning,ROUTE_DEL-HYD,2024-06-17,5089,5193,-0.02,True,False
SNAP_000350,2024-06-03,evening,ROUTE_DEL-HYD,2024-07-12,6290,5940,0.059,False,False
SNAP_000351,2024-06-06,morning,ROUTE_DEL-HYD,2024-06-13,4728,4531,0.043,False,False
SNAP_000352,2024-06-06,evening,ROUTE_DEL-HYD,2024-07-07,6951,7021,-0.01,True,False
SNAP_000353,2024-06-09,morning,ROUTE_DEL-HYD,2024-07-16,4447,4571,-0.027,True,False
SNAP_000354,2024-06-09,evening,ROUTE_DEL-HYD,2024-06-18,6506,6256,0.04,False,False
SNAP_000355,2024-06-12,morning,ROUTE_DEL-HYD,2024-06-22,6157,6124,0.005,False,False
SNAP_000356,2024-06-12,evening,ROUTE_DEL-HYD,2024-07-06,9224,9340,-0.012,True,False
SNAP_000357,2024-06-15,morning,ROUTE_DEL-HYD,2024-07-02,6296,6409,-0.018,True,False
SNAP_000358,2024-06-15,evening,ROUTE_DEL-HYD,2024-06-26,9080,9360,-0.03,True,False
SNAP_000359,2024-06-18,morning,ROUTE_DEL-HYD,2024-06-27,8434,8082,0.044,False,False
SNAP_000360,2024-06-18,evening,ROUTE_DEL-HYD,2024-06-30,7309,7280,0.004,False,False
SNAP_000361,2024-06-21,morning,ROUTE_DEL-HYD,2024-07-16,5599,5504,0.017,False,False
SNAP_000362,2024-06-21,evening,ROUTE_DEL-HYD,2024-08-04,4747,4815,-0.014,True,False
SNAP_000363,2024-06-24,morning,ROUTE_DEL-HYD,2024-07-16,5476,5305,0.032,False,False
SNAP_000364,2024-06-24,evening,ROUTE_DEL-HYD,2024-07-23,7228,6881,0.05,False,False
SNAP_000365,2024-06-27,morning,ROUTE_DEL-HYD,2024-07-19,8240,8414,-0.021,True,False
SNAP_000366,2024-06-27,evening,ROUTE_DEL-HYD,2024-07-28,6519,6549,-0.005,True,False
SNAP_000367,2024-06-30,morning,ROUTE_DEL-HYD,2024-07-20,4037,3958,0.02,False,False
SNAP_000368,2024-06-30,evening,ROUTE_DEL-HYD,2024-07-18,3940,4103,-0.04,True,False
SNAP_000369,2024-07-03,morning,ROUTE_DEL-HYD,2024-08-14,4015,3812,0.053,False,True
SNAP_000370,2024-07-03,evening,ROUTE_DEL-HYD,2024-07-15,6710,6678,0.005,False,True
SNAP_000371,2024-07-06,morning,ROUTE_DEL-HYD,2024-07-18,8131,8193,-0.008,True,True
SNAP_000372,2024-07-06,evening,ROUTE_DEL-HYD,2024-08-15,5761,5742,0.003,False,True
SNAP_000373,2024-07-09,morning,ROUTE_DEL-HYD,2024-07-16,3892,3884,0.002,False,True
SNAP_000374,2024-07-09,evening,ROUTE_DEL-HYD,2024-08-06,8400,8789,-0.044,True,True
SNAP_000375,2024-07-12,morning,ROUTE_DEL-HYD,2024-08-12,5204,5115,0.017,False,True
SNAP_000376,2024-07-12,evening,ROUTE_DEL-HYD,2024-07-31,5542,5416,0.023,False,True
SNAP_000377,2024-07-15,morning,ROUTE_DEL-HYD,2024-08-16,4799,4797,0.0,False,True
SNAP_000378,2024-07-15,evening,ROUTE_DEL-HYD,2024-08-16,4176,3965,0.053,False,True
SNAP_000379,2024-07-18,morning,ROUTE_DEL-HYD,2024-08-31,6864,6965,-0.015,True,True
SNAP_000380,2024-07-18,evening,ROUTE_DEL-HYD,2024-08-28,7345,7172,0.024,False,True
SNAP_000381,2024-07-21,morning,ROUTE_DEL-HYD,2024-08-03,5526,5659,-0.024,True,True
SNAP_000382,2024-07-21,evening,ROUTE_DEL-HYD,2024-08-08,7632,7554,0.01,False,True
SNAP_000383,2024-07-24,morning,ROUTE_DEL-HYD,2024-08-18,6302,6067,0.039,False,True
SNAP_000384,2024-07-24,evening,ROUTE_DEL-HYD,2024-08-26,5804,5774,0.005,False,True
SNAP_000385,2024-07-27,morning,ROUTE_DEL-HYD,2024-08-09,4746,4861,-0.024,True,True
SNAP_000386,2024-07-27,evening,ROUTE_DEL-HYD,2024-08-15,9255,9250,0.0,False,True
SNAP_000387,2024-07-30,morning,ROUTE_DEL-HYD,2024-09-12,7049,6711,0.05,False,True
SNAP_000388,2024-07-30,evening,ROUTE_DEL-HYD,2024-08-27,7154,6963,0.027,False,True
SNAP_000389,2024-08-02,morning,ROUTE_DEL-HYD,2024-08-19,5525,5212,0.06,False,True
SNAP_000390,2024-08-02,evening,ROUTE_DEL-HYD,2024-09-09,8183,8076,0.013,False,True
SNAP_000391,2024-08-05,morning,ROUTE_DEL-HYD,2024-08-18,6027,6083,-0.009,True,True
SNAP_000392,2024-08-05,evening,ROUTE_DEL-HYD,2024-08-23,4847,4881,-0.007,True,True
SNAP_000393,2024-08-08,morning,ROUTE_DEL-HYD,2024-09-10,6133,6236,-0.017,True,True
SNAP_000394,2024-08-08,evening,ROUTE_DEL-HYD,2024-08-18,7994,7610,0.05,False,True
SNAP_000395,2024-08-11,morning,ROUTE_DEL-HYD,2024-08-26,7658,7864,-0.026,True,True
SNAP_000396,2024-08-11,evening,ROUTE_DEL-HYD,2024-09-08,4062,4173,-0.027,True,True
SNAP_000397,2024-08-14,morning,ROUTE_DEL-HYD,2024-08-28,4398,4233,0.039,False,True
SNAP_000398,2024-08-14,evening,ROUTE_DEL-HYD,2024-09-22,5643,5924,-0.048,True,True
SNAP_000399,2024-08-17,morning,ROUTE_DEL-HYD,2024-09-07,8335,8595,-0.03,True,True
SNAP_000400,2024-08-17,evening,ROUTE_DEL-HYD,2024-09-26,9303,9364,-0.007,True,True
SNAP_000401,2024-08-20,morning,ROUTE_DEL-HYD,2024-10-02,8892,8574,0.037,False,True
SNAP_000402,2024-08-20,evening,ROUTE_DEL-HYD,2024-09-26,4310,4496,-0.042,True,True
SNAP_000403,2024-08-23,morning,ROUTE_DEL-HYD,2024-10-04,8081,8290,-0.025,True,True
SNAP_000404,2024-08-23,evening,ROUTE_DEL-HYD,2024-09-12,4939,4940,-0.0,True,True
SNAP_000405,2024-08-26,morning,ROUTE_DEL-HYD,2024-10-04,8901,9355,-0.049,True,True
SNAP_000406,2024-08-26,evening,ROUTE_DEL-HYD,2024-10-09,5734,5868,-0.023,True,True
SNAP_000407,2024-08-29,morning,ROUTE_DEL-HYD,2024-09-13,9246,9283,-0.004,True,True
SNAP_000408,2024-08-29,evening,ROUTE_DEL-HYD,2024-10-05,9112,8610,0.058,False,True
SNAP_000409,2024-04-01,morning,ROUTE_BOM-HYD,2024-05-02,5573,5841,-0.046,True,False
SNAP_000410,2024-04-01,evening,ROUTE_BOM-HYD,2024-04-15,6759,6962,-0.029,True,False
SNAP_000411,2024-04-04,morning,ROUTE_BOM-HYD,2024-04-14,6187,6336,-0.024,True,False
SNAP_000412,2024-04-04,evening,ROUTE_BOM-HYD,2024-05-02,8019,7723,0.038,False,False
SNAP_000413,2024-04-07,morning,ROUTE_BOM-HYD,2024-04-20,4786,5001,-0.043,True,False
SNAP_000414,2024-04-07,evening,ROUTE_BOM-HYD,2024-05-12,4443,4202,0.057,False,False
SNAP_000415,2024-04-10,morning,ROUTE_BOM-HYD,2024-05-24,9117,9456,-0.036,True,False
SNAP_000416,2024-04-10,evening,ROUTE_BOM-HYD,2024-05-15,5960,6030,-0.012,True,False
SNAP_000417,2024-04-13,morning,ROUTE_BOM-HYD,2024-05-25,5773,5570,0.036,False,False
SNAP_000418,2024-04-13,evening,ROUTE_BOM-HYD,2024-05-19,7190,7451,-0.035,True,False
SNAP_000419,2024-04-16,morning,ROUTE_BOM-HYD,2024-05-04,7988,7829,0.02,False,False
SNAP_000420,2024-04-16,evening,ROUTE_BOM-HYD,2024-05-01,7752,7512,0.032,False,False
SNAP_000421,2024-04-19,morning,ROUTE_BOM-HYD,2024-05-06,6985,6984,0.0,False,False
SNAP_000422,2024-04-19,evening,ROUTE_BOM-HYD,2024-05-19,5122,5074,0.009,False,False
SNAP_000423,2024-04-22,morning,ROUTE_BOM-HYD,2024-05-03,6055,5959,0.016,False,False
SNAP_000424,2024-04-22,evening,ROUTE_BOM-HYD,2024-05-17,6298,6610,-0.047,True,False
SNAP_000425,2024-04-25,morning,ROUTE_BOM-HYD,2024-05-27,8636,8288,0.042,False,False
SNAP_000426,2024-04-25,evening,ROUTE_BOM-HYD,2024-06-01,7149,6817,0.049,False,False
SNAP_000427,2024-04-28,morning,ROUTE_BOM-HYD,2024-05-11,5652,5924,-0.046,True,False
SNAP_000428,2024-04-28,evening,ROUTE_BOM-HYD,2024-06-05,9266,9428,-0.017,True,False
SNAP_000429,2024-05-01,morning,ROUTE_BOM-HYD,2024-05-31,5632,5572,0.011,False,False
SNAP_000430,2024-05-01,evening,ROUTE_BOM-HYD,2024-05-13,6509,6791,-0.042,True,False
SNAP_000431,2024-05-04,morning,ROUTE_BOM-HYD,2024-06-14,5763,5561,0.036,False,False
SNAP_000432,2024-05-04,evening,ROUTE_BOM-HYD,2024-05-12,4144,4299,-0.036,True,False
SNAP_000433,2024-05-07,morning,ROUTE_BOM-HYD,2024-05-20,3859,3647,0.058,False,False
SNAP_000434,2024-05-07,evening,ROUTE_BOM-HYD,2024-05-25,4585,4430,0.035,False,False
SNAP_000435,2024-05-10,morning,ROUTE_BOM-HYD,2024-05-21,6224,6089,0.022,False,False
SNAP_000436,2024-05-10,evening,ROUTE_BOM-HYD,2024-06-18,4394,4468,-0.017,True,False
SNAP_000437,2024-05-13,morning,ROUTE_BOM-HYD,2024-06-21,6350,6141,0.034,False,False
SNAP_000438,2024-05-13,evening,ROUTE_BOM-HYD,2024-05-31,7214,7454,-0.032,True,False
SNAP_000439,2024-05-16,morning,ROUTE_BOM-HYD,2024-06-29,6784,6793,-0.001,True,False
SNAP_000440,2024-05-16,evening,ROUTE_BOM-HYD,2024-06-18,7378,7122,0.036,False,False
SNAP_000441,2024-05-19,morning,ROUTE_BOM-HYD,2024-06-28,8898,9023,-0.014,True,False
SNAP_000442,2024-05-19,evening,ROUTE_BOM-HYD,2024-06-02,8583,9018,-0.048,True,False
SNAP_000443,2024-05-22,morning,ROUTE_BOM-HYD,2024-05-31,9076,8710,0.042,False,False
SNAP_000444,2024-05-22,evening,ROUTE_BOM-HYD,2024-06-27,8160,7919,0.03,False,False
SNAP_000445,2024-05-25,morning,ROUTE_BOM-HYD,2024-06-16,8924,8447,0.056,False,False
SNAP_000446,2024-05-25,evening,ROUTE_BOM-HYD,2024-06-01,8204,8006,0.025,False,False
SNAP_000447,2024-05-28,morning,ROUTE_BOM-HYD,2024-06-29,8163,8176,-0.002,True,False
SNAP_000448,2024-05-28,evening,ROUTE_BOM-HYD,2024-06-16,7204,7485,-0.038,True,False
SNAP_000449,2024-05-31,morning,ROUTE_BOM-HYD,2024-07-13,8055,8105,-0.006,True,False
SNAP_000450,2024-05-31,evening,ROUTE_BOM-HYD,2024-07-07,4858,4645,0.046,False,False
SNAP_000451,2024-06-03,morning,ROUTE_BOM-HYD,2024-07-17,9212,9306,-0.01,True,False
SNAP_000452,2024-06-03,evening,ROUTE_BOM-HYD,2024-06-14,9120,9266,-0.016,True,False
SNAP_000453,2024-06-06,morning,ROUTE_BOM-HYD,2024-06-26,9065,8622,0.051,False,False
SNAP_000454,2024-06-06,evening,ROUTE_BOM-HYD,2024-07-08,3819,3868,-0.013,True,False
SNAP_000455,2024-06-09,morning,ROUTE_BOM-HYD,2024-07-15,8844,9114,-0.03,True,False
SNAP_000456,2024-06-09,evening,ROUTE_BOM-HYD,2024-06-19,7902,8056,-0.019,True,False
SNAP_000457,2024-06-12,morning,ROUTE_BOM-HYD,2024-07-08,3998,3786,0.056,False,False
SNAP_000458,2024-06-12,evening,ROUTE_BOM-HYD,2024-07-11,3842,3755,0.023,False,False
SNAP_000459,2024-06-15,morning,ROUTE_BOM-HYD,2024-07-16,8745,9144,-0.044,True,False
SNAP_000460,2024-06-15,evening,ROUTE_BOM-HYD,2024-07-03,9157,9188,-0.003,True,False
SNAP_000461,2024-06-18,morning,ROUTE_BOM-HYD,2024-07-16,8894,8709,0.021,False,False
SNAP_000462,2024-06-18,evening,ROUTE_BOM-HYD,2024-07-27,4394,4611,-0.047,True,False
SNAP_000463,2024-06-21,morning,ROUTE_BOM-HYD,2024-07-18,5792,5481,0.057,False,False
SNAP_000464,2024-06-21,evening,ROUTE_BOM-HYD,2024-07-24,7199,7491,-0.039,True,False
SNAP_000465,2024-06-24,morning,ROUTE_BOM-HYD,2024-07-12,8271,8307,-0.004,True,False
SNAP_000466,2024-06-24,evening,ROUTE_BOM-HYD,2024-07-13,9397,9240,0.017,False,False
SNAP_000467,2024-06-27,morning,ROUTE_BOM-HYD,2024-07-12,9002,9427,-0.045,True,False
SNAP_000468,2024-06-27,evening,ROUTE_BOM-HYD,2024-07-05,9446,9741,-0.03,True,False
SNAP_000469,2024-06-30,morning,ROUTE_BOM-HYD,2024-08-10,7751,7918,-0.021,True,False
SNAP_000470,2024-06-30,evening,ROUTE_BOM-HYD,2024-07-26,9391,9763,-0.038,True,False
SNAP_000471,2024-07-03,morning,ROUTE_BOM-HYD,2024-08-04,5079,5081,-0.0,True,True
SNAP_000472,2024-07-03,evening,ROUTE_BOM-HYD,2024-08-16,5814,5734,0.014,False,True
SNAP_000473,2024-07-06,morning,ROUTE_BOM-HYD,2024-08-08,5251,5446,-0.036,True,True
SNAP_000474,2024-07-06,evening,ROUTE_BOM-HYD,2024-07-29,6968,6921,0.007,False,True
SNAP_000475,2024-07-09,morning,ROUTE_BOM-HYD,2024-08-04,4738,4890,-0.031,True,True
SNAP_000476,2024-07-09,evening,ROUTE_BOM-HYD,2024-07-28,3850,3868,-0.005,True,True
SNAP_000477,2024-07-12,morning,ROUTE_BOM-HYD,2024-08-18,6474,6174,0.049,False,True
SNAP_000478,2024-07-12,evening,ROUTE_BOM-HYD,2024-08-04,5555,5786,-0.04,True,True
SNAP_000479,2024-07-15,morning,ROUTE_BOM-HYD,2024-08-01,5613,5492,0.022,False,True
SNAP_000480,2024-07-15,evening,ROUTE_BOM-HYD,2024-08-15,7100,6873,0.033,False,True
SNAP_000481,2024-07-18,morning,ROUTE_BOM-HYD,2024-07-27,4151,4339,-0.043,True,True
SNAP_000482,2024-07-18,evening,ROUTE_BOM-HYD,2024-08-21,5988,5932,0.009,False,True
SNAP_000483,2024-07-21,morning,ROUTE_BOM-HYD,2024-08-08,6076,6126,-0.008,True,True
SNAP_000484,2024-07-21,evening,ROUTE_BOM-HYD,2024-07-29,4922,4953,-0.006,True,True
SNAP_000485,2024-07-24,morning,ROUTE_BOM-HYD,2024-08-01,8980,8643,0.039,False,True
SNAP_000486,2024-07-24,evening,ROUTE_BOM-HYD,2024-09-04,3812,3629,0.05,False,True
SNAP_000487,2024-07-27,morning,ROUTE_BOM-HYD,2024-09-06,6097,6280,-0.029,True,True
SNAP_000488,2024-07-27,evening,ROUTE_BOM-HYD,2024-09-01,6530,6747,-0.032,True,True
SNAP_000489,2024-07-30,morning,ROUTE_BOM-HYD,2024-08-23,8427,7965,0.058,False,True
SNAP_000490,2024-07-30,evening,ROUTE_BOM-HYD,2024-09-04,7987,7736,0.032,False,True
SNAP_000491,2024-08-02,morning,ROUTE_BOM-HYD,2024-08-24,6497,6680,-0.027,True,True
SNAP_000492,2024-08-02,evening,ROUTE_BOM-HYD,2024-09-13,6729,6789,-0.009,True,True
SNAP_000493,2024-08-05,morning,ROUTE_BOM-HYD,2024-09-09,6862,6663,0.03,False,True
SNAP_000494,2024-08-05,evening,ROUTE_BOM-HYD,2024-09-16,5775,5621,0.027,False,True
SNAP_000495,2024-08-08,morning,ROUTE_BOM-HYD,2024-09-02,6029,6308,-0.044,True,True
SNAP_000496,2024-08-08,evening,ROUTE_BOM-HYD,2024-09-19,6575,6268,0.049,False,True
SNAP_000497,2024-08-11,morning,ROUTE_BOM-HYD,2024-09-15,6426,6612,-0.028,True,True
SNAP_000498,2024-08-11,evening,ROUTE_BOM-HYD,2024-08-31,4561,4633,-0.016,True,True
SNAP_000499,2024-08-14,morning,ROUTE_BOM-HYD,2024-09-24,4390,4575,-0.041,True,True
SNAP_000500,2024-08-14,evening,ROUTE_BOM-HYD,2024-09-18,6466,6533,-0.01,True,True
SNAP_000501,2024-08-17,morning,ROUTE_BOM-HYD,2024-09-12,7439,7201,0.033,False,True
SNAP_000502,2024-08-17,evening,ROUTE_BOM-HYD,2024-09-04,4878,4832,0.009,False,True
SNAP_000503,2024-08-20,morning,ROUTE_BOM-HYD,2024-09-02,4659,4563,0.021,False,True
SNAP_000504,2024-08-20,evening,ROUTE_BOM-HYD,2024-09-29,4867,4960,-0.019,True,True
SNAP_000505,2024-08-23,morning,ROUTE_BOM-HYD,2024-09-15,7405,7578,-0.023,True,True
SNAP_000506,2024-08-23,evening,ROUTE_BOM-HYD,2024-09-19,8709,8471,0.028,False,True
SNAP_000507,2024-08-26,morning,ROUTE_BOM-HYD,2024-09-09,4909,4716,0.041,False,True
SNAP_000508,2024-08-26,evening,ROUTE_BOM-HYD,2024-09-26,8652,8346,0.037,False,True
SNAP_000509,2024-08-29,morning,ROUTE_BOM-HYD,2024-09-25,4170,4230,-0.014,True,True
SNAP_000510,2024-08-29,evening,ROUTE_BOM-HYD,2024-09-06,5028,4996,0.006,False,True
SNAP_000511,2024-04-01,morning,ROUTE_BLR-HYD,2024-04-17,7400,7751,-0.045,True,False
SNAP_000512,2024-04-01,evening,ROUTE_BLR-HYD,2024-04-11,4720,4482,0.053,False,False
SNAP_000513,2024-04-04,morning,ROUTE_BLR-HYD,2024-05-07,4749,4974,-0.045,True,False
SNAP_000514,2024-04-04,evening,ROUTE_BLR-HYD,2024-05-08,7396,7382,0.002,False,False
SNAP_000515,2024-04-07,morning,ROUTE_BLR-HYD,2024-04-29,6312,6310,0.0,False,False
SNAP_000516,2024-04-07,evening,ROUTE_BLR-HYD,2024-05-15,6076,5754,0.056,False,False
SNAP_000517,2024-04-10,morning,ROUTE_BLR-HYD,2024-04-24,5787,5833,-0.008,True,False
SNAP_000518,2024-04-10,evening,ROUTE_BLR-HYD,2024-04-21,7722,7365,0.048,False,False
SNAP_000519,2024-04-13,morning,ROUTE_BLR-HYD,2024-04-22,8650,8966,-0.035,True,False
SNAP_000520,2024-04-13,evening,ROUTE_BLR-HYD,2024-05-16,5586,5747,-0.028,True,False
SNAP_000521,2024-04-16,morning,ROUTE_BLR-HYD,2024-04-27,6661,7003,-0.049,True,False
SNAP_000522,2024-04-16,evening,ROUTE_BLR-HYD,2024-05-02,6750,6810,-0.009,True,False
SNAP_000523,2024-04-19,morning,ROUTE_BLR-HYD,2024-05-06,8385,8672,-0.033,True,False
SNAP_000524,2024-04-19,evening,ROUTE_BLR-HYD,2024-05-24,8641,8191,0.055,False,False
SNAP_000525,2024-04-22,morning,ROUTE_BLR-HYD,2024-05-03,5014,5092,-0.015,True,False
SNAP_000526,2024-04-22,evening,ROUTE_BLR-HYD,2024-06-01,5635,5537,0.018,False,False
SNAP_000527,2024-04-25,morning,ROUTE_BLR-HYD,2024-05-07,4354,4447,-0.021,True,False
SNAP_000528,2024-04-25,evening,ROUTE_BLR-HYD,2024-05-10,3843,3998,-0.039,True,False
SNAP_000529,2024-04-28,morning,ROUTE_BLR-HYD,2024-05-12,6352,6420,-0.011,True,False
SNAP_000530,2024-04-28,evening,ROUTE_BLR-HYD,2024-05-12,7574,7939,-0.046,True,False
SNAP_000531,2024-05-01,morning,ROUTE_BLR-HYD,2024-05-20,9414,9436,-0.002,True,False
SNAP_000532,2024-05-01,evening,ROUTE_BLR-HYD,2024-05-09,7429,7451,-0.003,True,False
SNAP_000533,2024-05-04,morning,ROUTE_BLR-HYD,2024-06-16,6434,6347,0.014,False,False
SNAP_000534,2024-05-04,evening,ROUTE_BLR-HYD,2024-06-11,6603,6834,-0.034,True,False
SNAP_000535,2024-05-07,morning,ROUTE_BLR-HYD,2024-06-11,7853,7650,0.026,False,False
SNAP_000536,2024-05-07,evening,ROUTE_BLR-HYD,2024-06-12,9176,9561,-0.04,True,False
SNAP_000537,2024-05-10,morning,ROUTE_BLR-HYD,2024-05-30,6162,5959,0.034,False,False
SNAP_000538,2024-05-10,evening,ROUTE_BLR-HYD,2024-06-03,6394,6120,0.045,False,False
SNAP_000539,2024-05-13,morning,ROUTE_BLR-HYD,2024-06-23,4216,4014,0.05,False,False
SNAP_000540,2024-05-13,evening,ROUTE_BLR-HYD,2024-06-05,5603,5295,0.058,False,False
SNAP_000541,2024-05-16,morning,ROUTE_BLR-HYD,2024-06-07,7607,7364,0.033,False,False
SNAP_000542,2024-05-16,evening,ROUTE_BLR-HYD,2024-06-22,7521,7676,-0.02,True,False
SNAP_000543,2024-05-19,morning,ROUTE_BLR-HYD,2024-06-09,4141,4187,-0.011,True,False
SNAP_000544,2024-05-19,evening,ROUTE_BLR-HYD,2024-06-03,7119,7015,0.015,False,False
SNAP_000545,2024-05-22,morning,ROUTE_BLR-HYD,2024-07-02,9311,9208,0.011,False,False
SNAP_000546,2024-05-22,evening,ROUTE_BLR-HYD,2024-06-24,6299,6381,-0.013,True,False
SNAP_000547,2024-05-25,morning,ROUTE_BLR-HYD,2024-06-15,6216,5935,0.047,False,False
SNAP_000548,2024-05-25,evening,ROUTE_BLR-HYD,2024-06-03,8275,8484,-0.025,True,False
SNAP_000549,2024-05-28,morning,ROUTE_BLR-HYD,2024-06-17,7266,6992,0.039,False,False
SNAP_000550,2024-05-28,evening,ROUTE_BLR-HYD,2024-06-27,7696,7903,-0.026,True,False
SNAP_000551,2024-05-31,morning,ROUTE_BLR-HYD,2024-07-10,5874,5697,0.031,False,False
SNAP_000552,2024-05-31,evening,ROUTE_BLR-HYD,2024-07-14,8848,8966,-0.013,True,False
SNAP_000553,2024-06-03,morning,ROUTE_BLR-HYD,2024-06-22,4459,4315,0.033,False,False
SNAP_000554,2024-06-03,evening,ROUTE_BLR-HYD,2024-07-06,9052,9056,-0.001,True,False
SNAP_000555,2024-06-06,morning,ROUTE_BLR-HYD,2024-06-28,5675,5537,0.025,False,False
SNAP_000556,2024-06-06,evening,ROUTE_BLR-HYD,2024-07-02,5519,5260,0.049,False,False
SNAP_000557,2024-06-09,morning,ROUTE_BLR-HYD,2024-07-03,9199,9004,0.022,False,False
SNAP_000558,2024-06-09,evening,ROUTE_BLR-HYD,2024-07-23,7622,7506,0.015,False,False
SNAP_000559,2024-06-12,morning,ROUTE_BLR-HYD,2024-07-15,9269,9033,0.026,False,False
SNAP_000560,2024-06-12,evening,ROUTE_BLR-HYD,2024-07-26,9378,9870,-0.05,True,False
SNAP_000561,2024-06-15,morning,ROUTE_BLR-HYD,2024-07-15,8133,7680,0.059,False,False
SNAP_000562,2024-06-15,evening,ROUTE_BLR-HYD,2024-07-08,6256,5957,0.05,False,False
SNAP_000563,2024-06-18,morning,ROUTE_BLR-HYD,2024-06-29,8952,8601,0.041,False,False
SNAP_000564,2024-06-18,evening,ROUTE_BLR-HYD,2024-07-25,8427,8672,-0.028,True,False
SNAP_000565,2024-06-21,morning,ROUTE_BLR-HYD,2024-07-06,5624,5309,0.059,False,False
SNAP_000566,2024-06-21,evening,ROUTE_BLR-HYD,2024-08-04,6396,6558,-0.025,True,False
SNAP_000567,2024-06-24,morning,ROUTE_BLR-HYD,2024-07-10,7278,7145,0.019,False,False
SNAP_000568,2024-06-24,evening,ROUTE_BLR-HYD,2024-07-27,4778,5027,-0.05,True,False
SNAP_000569,2024-06-27,morning,ROUTE_BLR-HYD,2024-07-05,5134,5137,-0.001,True,False
SNAP_000570,2024-06-27,evening,ROUTE_BLR-HYD,2024-07-06,8809,8600,0.024,False,False
SNAP_000571,2024-06-30,morning,ROUTE_BLR-HYD,2024-07-11,8552,8989,-0.049,True,False
SNAP_000572,2024-06-30,evening,ROUTE_BLR-HYD,2024-07-24,7247,6992,0.036,False,False
SNAP_000573,2024-07-03,morning,ROUTE_BLR-HYD,2024-08-10,7694,7552,0.019,False,True
SNAP_000574,2024-07-03,evening,ROUTE_BLR-HYD,2024-07-31,8056,7824,0.03,False,True
SNAP_000575,2024-07-06,morning,ROUTE_BLR-HYD,2024-07-20,6629,6478,0.023,False,True
SNAP_000576,2024-07-06,evening,ROUTE_BLR-HYD,2024-08-12,4635,4639,-0.001,True,True
SNAP_000577,2024-07-09,morning,ROUTE_BLR-HYD,2024-07-27,5470,5403,0.012,False,True
SNAP_000578,2024-07-09,evening,ROUTE_BLR-HYD,2024-08-04,5315,5531,-0.039,True,True
SNAP_000579,2024-07-12,morning,ROUTE_BLR-HYD,2024-08-15,5108,5246,-0.026,True,True
SNAP_000580,2024-07-12,evening,ROUTE_BLR-HYD,2024-07-26,7244,7412,-0.023,True,True
SNAP_000581,2024-07-15,morning,ROUTE_BLR-HYD,2024-08-17,7339,7237,0.014,False,True
SNAP_000582,2024-07-15,evening,ROUTE_BLR-HYD,2024-08-14,6707,6533,0.027,False,True
SNAP_000583,2024-07-18,morning,ROUTE_BLR-HYD,2024-08-26,4993,5069,-0.015,True,True
SNAP_000584,2024-07-18,evening,ROUTE_BLR-HYD,2024-07-25,4396,4151,0.059,False,True
SNAP_000585,2024-07-21,morning,ROUTE_BLR-HYD,2024-08-19,6494,6623,-0.02,True,True
SNAP_000586,2024-07-21,evening,ROUTE_BLR-HYD,2024-08-08,9207,9022,0.02,False,True
SNAP_000587,2024-07-24,morning,ROUTE_BLR-HYD,2024-08-22,4866,4866,-0.0,True,True
SNAP_000588,2024-07-24,evening,ROUTE_BLR-HYD,2024-08-19,9105,9379,-0.029,True,True
SNAP_000589,2024-07-27,morning,ROUTE_BLR-HYD,2024-08-30,5048,5185,-0.026,True,True
SNAP_000590,2024-07-27,evening,ROUTE_BLR-HYD,2024-08-23,6145,5999,0.024,False,True
SNAP_000591,2024-07-30,morning,ROUTE_BLR-HYD,2024-08-26,8937,8504,0.051,False,True
SNAP_000592,2024-07-30,evening,ROUTE_BLR-HYD,2024-09-02,6402,6472,-0.011,True,True
SNAP_000593,2024-08-02,morning,ROUTE_BLR-HYD,2024-08-13,8193,7788,0.052,False,True
SNAP_000594,2024-08-02,evening,ROUTE_BLR-HYD,2024-09-02,9137,9270,-0.014,True,True
SNAP_000595,2024-08-05,morning,ROUTE_BLR-HYD,2024-09-03,8710,9099,-0.043,True,True
SNAP_000596,2024-08-05,evening,ROUTE_BLR-HYD,2024-08-13,5719,5860,-0.024,True,True
SNAP_000597,2024-08-08,morning,ROUTE_BLR-HYD,2024-09-10,5229,5048,0.036,False,True
SNAP_000598,2024-08-08,evening,ROUTE_BLR-HYD,2024-09-19,6004,5782,0.038,False,True
SNAP_000599,2024-08-11,morning,ROUTE_BLR-HYD,2024-09-19,4349,4392,-0.01,True,True
SNAP_000600,2024-08-11,evening,ROUTE_BLR-HYD,2024-09-07,6696,6867,-0.025,True,True
SNAP_000601,2024-08-14,morning,ROUTE_BLR-HYD,2024-09-22,4494,4352,0.032,False,True
SNAP_000602,2024-08-14,evening,ROUTE_BLR-HYD,2024-08-30,4787,4857,-0.014,True,True
SNAP_000603,2024-08-17,morning,ROUTE_BLR-HYD,2024-09-15,8287,7862,0.054,False,True
SNAP_000604,2024-08-17,evening,ROUTE_BLR-HYD,2024-09-03,7996,8076,-0.01,True,True
SNAP_000605,2024-08-20,morning,ROUTE_BLR-HYD,2024-09-01,5638,5366,0.051,False,True
SNAP_000606,2024-08-20,evening,ROUTE_BLR-HYD,2024-09-06,4688,4469,0.049,False,True
SNAP_000607,2024-08-23,morning,ROUTE_BLR-HYD,2024-09-15,8092,7910,0.023,False,True
SNAP_000608,2024-08-23,evening,ROUTE_BLR-HYD,2024-09-02,4930,5117,-0.037,True,True
SNAP_000609,2024-08-26,morning,ROUTE_BLR-HYD,2024-09-04,8593,8980,-0.043,True,True
SNAP_000610,2024-08-26,evening,ROUTE_BLR-HYD,2024-10-07,4728,4623,0.023,False,True
SNAP_000611,2024-08-29,morning,ROUTE_BLR-HYD,2024-09-18,7541,7382,0.021,False,True
SNAP_000612,2024-08-29,evening,ROUTE_BLR-HYD,2024-09-08,5038,5113,-0.015,True,True
SNAP_000613,2024-04-01,morning,ROUTE_DEL-GOI,2024-05-09,6410,6068,0.056,False,False
SNAP_000614,2024-04-01,evening,ROUTE_DEL-GOI,2024-04-30,5002,4732,0.057,False,False
SNAP_000615,2024-04-04,morning,ROUTE_DEL-GOI,2024-04-29,5756,5956,-0.034,True,False
SNAP_000616,2024-04-04,evening,ROUTE_DEL-GOI,2024-05-05,7242,7528,-0.038,True,False
SNAP_000617,2024-04-07,morning,ROUTE_DEL-GOI,2024-05-16,7905,8268,-0.044,True,False
SNAP_000618,2024-04-07,evening,ROUTE_DEL-GOI,2024-05-09,7694,7334,0.049,False,False
SNAP_000619,2024-04-10,morning,ROUTE_DEL-GOI,2024-05-11,8880,8893,-0.001,True,False
SNAP_000620,2024-04-10,evening,ROUTE_DEL-GOI,2024-05-02,8613,8128,0.06,False,False
SNAP_000621,2024-04-13,morning,ROUTE_DEL-GOI,2024-05-18,9361,8869,0.055,False,False
SNAP_000622,2024-04-13,evening,ROUTE_DEL-GOI,2024-04-24,4804,4919,-0.023,True,False
SNAP_000623,2024-04-16,morning,ROUTE_DEL-GOI,2024-05-14,9224,8863,0.041,False,False
SNAP_000624,2024-04-16,evening,ROUTE_DEL-GOI,2024-05-27,4825,4867,-0.009,True,False
SNAP_000625,2024-04-19,morning,ROUTE_DEL-GOI,2024-05-03,4026,3956,0.018,False,False
SNAP_000626,2024-04-19,evening,ROUTE_DEL-GOI,2024-05-01,7198,7351,-0.021,True,False
SNAP_000627,2024-04-22,morning,ROUTE_DEL-GOI,2024-04-29,8220,8099,0.015,False,False
SNAP_000628,2024-04-22,evening,ROUTE_DEL-GOI,2024-05-22,4867,4608,0.056,False,False
SNAP_000629,2024-04-25,morning,ROUTE_DEL-GOI,2024-05-10,4163,4346,-0.042,True,False
SNAP_000630,2024-04-25,evening,ROUTE_DEL-GOI,2024-05-09,4991,5093,-0.02,True,False
SNAP_000631,2024-04-28,morning,ROUTE_DEL-GOI,2024-06-11,8299,8024,0.034,False,False
SNAP_000632,2024-04-28,evening,ROUTE_DEL-GOI,2024-05-13,5302,5244,0.011,False,False
SNAP_000633,2024-05-01,morning,ROUTE_DEL-GOI,2024-05-09,4300,4336,-0.008,True,False
SNAP_000634,2024-05-01,evening,ROUTE_DEL-GOI,2024-06-13,9131,9175,-0.005,True,False
SNAP_000635,2024-05-04,morning,ROUTE_DEL-GOI,2024-06-01,4534,4354,0.041,False,False
SNAP_000636,2024-05-04,evening,ROUTE_DEL-GOI,2024-05-28,4323,4386,-0.015,True,False
SNAP_000637,2024-05-07,morning,ROUTE_DEL-GOI,2024-06-04,4477,4663,-0.04,True,False
SNAP_000638,2024-05-07,evening,ROUTE_DEL-GOI,2024-06-20,9498,9701,-0.021,True,False
SNAP_000639,2024-05-10,morning,ROUTE_DEL-GOI,2024-06-07,6173,5914,0.044,False,False
SNAP_000640,2024-05-10,evening,ROUTE_DEL-GOI,2024-06-03,6447,6558,-0.017,True,False
SNAP_000641,2024-05-13,morning,ROUTE_DEL-GOI,2024-06-11,8882,8484,0.047,False,False
SNAP_000642,2024-05-13,evening,ROUTE_DEL-GOI,2024-05-20,8840,9245,-0.044,True,False
SNAP_000643,2024-05-16,morning,ROUTE_DEL-GOI,2024-06-12,8777,9142,-0.04,True,False
SNAP_000644,2024-05-16,evening,ROUTE_DEL-GOI,2024-05-30,7945,8265,-0.039,True,False
SNAP_000645,2024-05-19,morning,ROUTE_DEL-GOI,2024-06-06,5605,5605,-0.0,True,False
SNAP_000646,2024-05-19,evening,ROUTE_DEL-GOI,2024-06-13,5389,5393,-0.001,True,False
SNAP_000647,2024-05-22,morning,ROUTE_DEL-GOI,2024-07-03,3886,3719,0.045,False,False
SNAP_000648,2024-05-22,evening,ROUTE_DEL-GOI,2024-06-11,5981,6233,-0.041,True,False
SNAP_000649,2024-05-25,morning,ROUTE_DEL-GOI,2024-06-18,8150,7870,0.036,False,False
SNAP_000650,2024-05-25,evening,ROUTE_DEL-GOI,2024-06-20,5852,6100,-0.041,True,False
SNAP_000651,2024-05-28,morning,ROUTE_DEL-GOI,2024-07-04,7129,6877,0.037,False,False
SNAP_000652,2024-05-28,evening,ROUTE_DEL-GOI,2024-07-02,7903,7559,0.045,False,False
SNAP_000653,2024-05-31,morning,ROUTE_DEL-GOI,2024-07-03,9128,9161,-0.004,True,False
SNAP_000654,2024-05-31,evening,ROUTE_DEL-GOI,2024-07-01,7533,7226,0.042,False,False
SNAP_000655,2024-06-03,morning,ROUTE_DEL-GOI,2024-06-12,5956,5965,-0.002,True,False
SNAP_000656,2024-06-03,evening,ROUTE_DEL-GOI,2024-06-19,7584,7232,0.049,False,False
SNAP_000657,2024-06-06,morning,ROUTE_DEL-GOI,2024-06-27,3904,3958,-0.014,True,False
SNAP_000658,2024-06-06,evening,ROUTE_DEL-GOI,2024-06-23,4984,5212,-0.044,True,False
SNAP_000659,2024-06-09,morning,ROUTE_DEL-GOI,2024-07-01,6784,6917,-0.019,True,False
SNAP_000660,2024-06-09,evening,ROUTE_DEL-GOI,2024-06-17,8032,7885,0.019,False,False
SNAP_000661,2024-06-12,morning,ROUTE_DEL-GOI,2024-07-15,6340,6414,-0.012,True,False
SNAP_000662,2024-06-12,evening,ROUTE_DEL-GOI,2024-07-01,7620,7381,0.032,False,False
SNAP_000663,2024-06-15,morning,ROUTE_DEL-GOI,2024-07-05,6887,7124,-0.033,True,False
SNAP_000664,2024-06-15,evening,ROUTE_DEL-GOI,2024-07-09,4919,4742,0.037,False,False
SNAP_000665,2024-06-18,morning,ROUTE_DEL-GOI,2024-07-18,9311,9701,-0.04,True,False
SNAP_000666,2024-06-18,evening,ROUTE_DEL-GOI,2024-07-26,6777,6810,-0.005,True,False
SNAP_000667,2024-06-21,morning,ROUTE_DEL-GOI,2024-06-29,7147,7147,-0.0,True,False
SNAP_000668,2024-06-21,evening,ROUTE_DEL-GOI,2024-07-06,8600,8855,-0.029,True,False
SNAP_000669,2024-06-24,morning,ROUTE_DEL-GOI,2024-07-17,4258,4033,0.056,False,False
SNAP_000670,2024-06-24,evening,ROUTE_DEL-GOI,2024-07-17,8158,7896,0.033,False,False
SNAP_000671,2024-06-27,morning,ROUTE_DEL-GOI,2024-08-10,8343,8714,-0.043,True,False
SNAP_000672,2024-06-27,evening,ROUTE_DEL-GOI,2024-07-24,7027,6705,0.048,False,False
SNAP_000673,2024-06-30,morning,ROUTE_DEL-GOI,2024-07-22,7843,7790,0.007,False,False
SNAP_000674,2024-06-30,evening,ROUTE_DEL-GOI,2024-07-20,4862,5060,-0.039,True,False
SNAP_000675,2024-07-03,morning,ROUTE_DEL-GOI,2024-07-17,7736,7617,0.016,False,True
SNAP_000676,2024-07-03,evening,ROUTE_DEL-GOI,2024-08-09,8847,8647,0.023,False,True
SNAP_000677,2024-07-06,morning,ROUTE_DEL-GOI,2024-07-15,4435,4302,0.031,False,True
SNAP_000678,2024-07-06,evening,ROUTE_DEL-GOI,2024-07-24,6514,6746,-0.034,True,True
SNAP_000679,2024-07-09,morning,ROUTE_DEL-GOI,2024-08-22,7903,8171,-0.033,True,True
SNAP_000680,2024-07-09,evening,ROUTE_DEL-GOI,2024-08-10,7694,7665,0.004,False,True
SNAP_000681,2024-07-12,morning,ROUTE_DEL-GOI,2024-08-13,9315,8819,0.056,False,True
SNAP_000682,2024-07-12,evening,ROUTE_DEL-GOI,2024-08-01,5475,5301,0.033,False,True
SNAP_000683,2024-07-15,morning,ROUTE_DEL-GOI,2024-07-26,9311,9775,-0.048,True,True
SNAP_000684,2024-07-15,evening,ROUTE_DEL-GOI,2024-08-05,8890,8751,0.016,False,True
SNAP_000685,2024-07-18,morning,ROUTE_DEL-GOI,2024-08-03,4066,3922,0.037,False,True
SNAP_000686,2024-07-18,evening,ROUTE_DEL-GOI,2024-08-04,8436,8418,0.002,False,True
SNAP_000687,2024-07-21,morning,ROUTE_DEL-GOI,2024-08-31,9425,9683,-0.027,True,True
SNAP_000688,2024-07-21,evening,ROUTE_DEL-GOI,2024-08-19,6582,6395,0.029,False,True
SNAP_000689,2024-07-24,morning,ROUTE_DEL-GOI,2024-08-03,5260,5045,0.042,False,True
SNAP_000690,2024-07-24,evening,ROUTE_DEL-GOI,2024-08-04,5112,5047,0.013,False,True
SNAP_000691,2024-07-27,morning,ROUTE_DEL-GOI,2024-08-21,9489,9474,0.002,False,True
SNAP_000692,2024-07-27,evening,ROUTE_DEL-GOI,2024-08-11,5140,5239,-0.019,True,True
SNAP_000693,2024-07-30,morning,ROUTE_DEL-GOI,2024-08-26,7964,8070,-0.013,True,True
SNAP_000694,2024-07-30,evening,ROUTE_DEL-GOI,2024-08-24,9159,9133,0.003,False,True
SNAP_000695,2024-08-02,morning,ROUTE_DEL-GOI,2024-09-09,4497,4419,0.018,False,True
SNAP_000696,2024-08-02,evening,ROUTE_DEL-GOI,2024-08-12,6256,6134,0.02,False,True
SNAP_000697,2024-08-05,morning,ROUTE_DEL-GOI,2024-09-18,8970,8795,0.02,False,True
SNAP_000698,2024-08-05,evening,ROUTE_DEL-GOI,2024-09-02,6370,6394,-0.004,True,True
SNAP_000699,2024-08-08,morning,ROUTE_DEL-GOI,2024-08-26,5254,5478,-0.041,True,True
SNAP_000700,2024-08-08,evening,ROUTE_DEL-GOI,2024-08-23,7479,7596,-0.015,True,True
SNAP_000701,2024-08-11,morning,ROUTE_DEL-GOI,2024-09-06,6775,6963,-0.027,True,True
SNAP_000702,2024-08-11,evening,ROUTE_DEL-GOI,2024-09-04,8983,8782,0.023,False,True
SNAP_000703,2024-08-14,morning,ROUTE_DEL-GOI,2024-08-30,6890,6773,0.017,False,True
SNAP_000704,2024-08-14,evening,ROUTE_DEL-GOI,2024-09-19,8091,8127,-0.004,True,True
SNAP_000705,2024-08-17,morning,ROUTE_DEL-GOI,2024-09-14,5455,5173,0.054,False,True
SNAP_000706,2024-08-17,evening,ROUTE_DEL-GOI,2024-09-07,4719,4523,0.043,False,True
SNAP_000707,2024-08-20,morning,ROUTE_DEL-GOI,2024-09-13,5775,6008,-0.039,True,True
SNAP_000708,2024-08-20,evening,ROUTE_DEL-GOI,2024-09-17,5445,5353,0.017,False,True
SNAP_000709,2024-08-23,morning,ROUTE_DEL-GOI,2024-09-13,7619,7874,-0.032,True,True
SNAP_000710,2024-08-23,evening,ROUTE_DEL-GOI,2024-08-31,7080,7265,-0.026,True,True
SNAP_000711,2024-08-26,morning,ROUTE_DEL-GOI,2024-09-10,5822,5633,0.033,False,True
SNAP_000712,2024-08-26,evening,ROUTE_DEL-GOI,2024-09-16,4752,4553,0.044,False,True
SNAP_000713,2024-08-29,morning,ROUTE_DEL-GOI,2024-09-09,7876,7584,0.038,False,True
SNAP_000714,2024-08-29,evening,ROUTE_DEL-GOI,2024-09-19,5522,5256,0.051,False,True
SNAP_000715,2024-04-01,morning,ROUTE_BOM-COK,2024-05-12,7747,7800,-0.007,True,False
SNAP_000716,2024-04-01,evening,ROUTE_BOM-COK,2024-04-26,9128,8961,0.019,False,False
SNAP_000717,2024-04-04,morning,ROUTE_BOM-COK,2024-05-11,5406,5170,0.045,False,False
SNAP_000718,2024-04-04,evening,ROUTE_BOM-COK,2024-05-05,6159,6191,-0.005,True,False
SNAP_000719,2024-04-07,morning,ROUTE_BOM-COK,2024-05-14,4396,4479,-0.019,True,False
SNAP_000720,2024-04-07,evening,ROUTE_BOM-COK,2024-05-11,4561,4640,-0.017,True,False
SNAP_000721,2024-04-10,morning,ROUTE_BOM-COK,2024-05-22,4338,4166,0.041,False,False
SNAP_000722,2024-04-10,evening,ROUTE_BOM-COK,2024-04-20,7936,7985,-0.006,True,False
SNAP_000723,2024-04-13,morning,ROUTE_BOM-COK,2024-04-22,8533,8780,-0.028,True,False
SNAP_000724,2024-04-13,evening,ROUTE_BOM-COK,2024-04-23,5345,5475,-0.024,True,False
SNAP_000725,2024-04-16,morning,ROUTE_BOM-COK,2024-05-15,4884,5039,-0.031,True,False
SNAP_000726,2024-04-16,evening,ROUTE_BOM-COK,2024-04-28,7152,6845,0.045,False,False
SNAP_000727,2024-04-19,morning,ROUTE_BOM-COK,2024-05-14,3927,3867,0.015,False,False
SNAP_000728,2024-04-19,evening,ROUTE_BOM-COK,2024-05-04,5061,5305,-0.046,True,False
SNAP_000729,2024-04-22,morning,ROUTE_BOM-COK,2024-05-17,5811,5898,-0.015,True,False
SNAP_000730,2024-04-22,evening,ROUTE_BOM-COK,2024-05-30,6444,6689,-0.037,True,False
SNAP_000731,2024-04-25,morning,ROUTE_BOM-COK,2024-06-01,6382,6530,-0.023,True,False
SNAP_000732,2024-04-25,evening,ROUTE_BOM-COK,2024-05-09,8015,8322,-0.037,True,False
SNAP_000733,2024-04-28,morning,ROUTE_BOM-COK,2024-05-17,4049,4054,-0.001,True,False
SNAP_000734,2024-04-28,evening,ROUTE_BOM-COK,2024-06-03,5054,5147,-0.018,True,False
SNAP_000735,2024-05-01,morning,ROUTE_BOM-COK,2024-05-19,7702,7991,-0.036,True,False
SNAP_000736,2024-05-01,evening,ROUTE_BOM-COK,2024-06-08,4807,4701,0.022,False,False
SNAP_000737,2024-05-04,morning,ROUTE_BOM-COK,2024-06-08,9170,8749,0.048,False,False
SNAP_000738,2024-05-04,evening,ROUTE_BOM-COK,2024-06-08,6345,6091,0.042,False,False
SNAP_000739,2024-05-07,morning,ROUTE_BOM-COK,2024-06-20,6485,6620,-0.02,True,False
SNAP_000740,2024-05-07,evening,ROUTE_BOM-COK,2024-05-19,8417,8562,-0.017,True,False
SNAP_000741,2024-05-10,morning,ROUTE_BOM-COK,2024-06-03,4767,4564,0.044,False,False
SNAP_000742,2024-05-10,evening,ROUTE_BOM-COK,2024-06-14,4398,4395,0.001,False,False
SNAP_000743,2024-05-13,morning,ROUTE_BOM-COK,2024-06-18,4670,4808,-0.029,True,False
SNAP_000744,2024-05-13,evening,ROUTE_BOM-COK,2024-06-08,6646,6986,-0.049,True,False
SNAP_000745,2024-05-16,morning,ROUTE_BOM-COK,2024-06-20,4901,4969,-0.014,True,False
SNAP_000746,2024-05-16,evening,ROUTE_BOM-COK,2024-05-23,7044,7283,-0.033,True,False
SNAP_000747,2024-05-19,morning,ROUTE_BOM-COK,2024-06-24,7724,7610,0.015,False,False
SNAP_000748,2024-05-19,evening,ROUTE_BOM-COK,2024-06-24,4139,4163,-0.006,True,False
SNAP_000749,2024-05-22,morning,ROUTE_BOM-COK,2024-07-05,8689,8577,0.013,False,False
SNAP_000750,2024-05-22,evening,ROUTE_BOM-COK,2024-06-08,8364,8321,0.005,False,False
SNAP_000751,2024-05-25,morning,ROUTE_BOM-COK,2024-06-26,7600,7665,-0.009,True,False
SNAP_000752,2024-05-25,evening,ROUTE_BOM-COK,2024-07-04,7783,7596,0.025,False,False
SNAP_000753,2024-05-28,morning,ROUTE_BOM-COK,2024-06-22,7620,7790,-0.022,True,False
SNAP_000754,2024-05-28,evening,ROUTE_BOM-COK,2024-06-11,7078,7067,0.001,False,False
SNAP_000755,2024-05-31,morning,ROUTE_BOM-COK,2024-06-20,5240,5120,0.023,False,False
SNAP_000756,2024-05-31,evening,ROUTE_BOM-COK,2024-06-19,7313,7397,-0.011,True,False
SNAP_000757,2024-06-03,morning,ROUTE_BOM-COK,2024-07-13,4012,4188,-0.042,True,False
SNAP_000758,2024-06-03,evening,ROUTE_BOM-COK,2024-06-20,3887,3722,0.044,False,False
SNAP_000759,2024-06-06,morning,ROUTE_BOM-COK,2024-06-26,6304,6161,0.023,False,False
SNAP_000760,2024-06-06,evening,ROUTE_BOM-COK,2024-06-24,4703,4921,-0.044,True,False
SNAP_000761,2024-06-09,morning,ROUTE_BOM-COK,2024-06-20,7018,7122,-0.015,True,False
SNAP_000762,2024-06-09,evening,ROUTE_BOM-COK,2024-06-28,5494,5369,0.023,False,False
SNAP_000763,2024-06-12,morning,ROUTE_BOM-COK,2024-06-27,4759,4775,-0.003,True,False
SNAP_000764,2024-06-12,evening,ROUTE_BOM-COK,2024-06-25,7843,7659,0.024,False,False
SNAP_000765,2024-06-15,morning,ROUTE_BOM-COK,2024-07-19,6447,6674,-0.034,True,False
SNAP_000766,2024-06-15,evening,ROUTE_BOM-COK,2024-07-13,7640,7560,0.01,False,False
SNAP_000767,2024-06-18,morning,ROUTE_BOM-COK,2024-06-27,8853,8554,0.035,False,False
SNAP_000768,2024-06-18,evening,ROUTE_BOM-COK,2024-07-17,3960,4013,-0.013,True,False
SNAP_000769,2024-06-21,morning,ROUTE_BOM-COK,2024-07-10,8396,8722,-0.037,True,False
SNAP_000770,2024-06-21,evening,ROUTE_BOM-COK,2024-06-29,6082,5914,0.028,False,False
SNAP_000771,2024-06-24,morning,ROUTE_BOM-COK,2024-07-15,4568,4504,0.014,False,False
SNAP_000772,2024-06-24,evening,ROUTE_BOM-COK,2024-07-15,5045,5200,-0.03,True,False
SNAP_000773,2024-06-27,morning,ROUTE_BOM-COK,2024-07-04,4070,4059,0.003,False,False
SNAP_000774,2024-06-27,evening,ROUTE_BOM-COK,2024-07-27,7180,7437,-0.035,True,False
SNAP_000775,2024-06-30,morning,ROUTE_BOM-COK,2024-07-23,3984,3959,0.006,False,False
SNAP_000776,2024-06-30,evening,ROUTE_BOM-COK,2024-08-06,4691,4571,0.026,False,False
SNAP_000777,2024-07-03,morning,ROUTE_BOM-COK,2024-08-14,8812,9055,-0.027,True,True
SNAP_000778,2024-07-03,evening,ROUTE_BOM-COK,2024-08-14,4043,3927,0.029,False,True
SNAP_000779,2024-07-06,morning,ROUTE_BOM-COK,2024-08-18,6757,6847,-0.013,True,True
SNAP_000780,2024-07-06,evening,ROUTE_BOM-COK,2024-07-22,4160,4304,-0.034,True,True
SNAP_000781,2024-07-09,morning,ROUTE_BOM-COK,2024-08-15,7028,6683,0.052,False,True
SNAP_000782,2024-07-09,evening,ROUTE_BOM-COK,2024-07-16,4081,4105,-0.006,True,True
SNAP_000783,2024-07-12,morning,ROUTE_BOM-COK,2024-07-21,4874,4630,0.053,False,True
SNAP_000784,2024-07-12,evening,ROUTE_BOM-COK,2024-07-24,5517,5440,0.014,False,True
SNAP_000785,2024-07-15,morning,ROUTE_BOM-COK,2024-07-24,8162,8328,-0.02,True,True
SNAP_000786,2024-07-15,evening,ROUTE_BOM-COK,2024-08-15,8366,8476,-0.013,True,True
SNAP_000787,2024-07-18,morning,ROUTE_BOM-COK,2024-08-18,5643,5863,-0.038,True,True
SNAP_000788,2024-07-18,evening,ROUTE_BOM-COK,2024-08-15,3944,3722,0.06,False,True
SNAP_000789,2024-07-21,morning,ROUTE_BOM-COK,2024-08-08,7902,8034,-0.016,True,True
SNAP_000790,2024-07-21,evening,ROUTE_BOM-COK,2024-08-15,7274,6884,0.057,False,True
SNAP_000791,2024-07-24,morning,ROUTE_BOM-COK,2024-08-28,4442,4635,-0.042,True,True
SNAP_000792,2024-07-24,evening,ROUTE_BOM-COK,2024-09-04,6575,6583,-0.001,True,True
SNAP_000793,2024-07-27,morning,ROUTE_BOM-COK,2024-08-29,5687,5383,0.056,False,True
SNAP_000794,2024-07-27,evening,ROUTE_BOM-COK,2024-08-10,6712,6910,-0.029,True,True
SNAP_000795,2024-07-30,morning,ROUTE_BOM-COK,2024-08-13,6095,6289,-0.031,True,True
SNAP_000796,2024-07-30,evening,ROUTE_BOM-COK,2024-09-02,6420,6487,-0.01,True,True
SNAP_000797,2024-08-02,morning,ROUTE_BOM-COK,2024-08-27,7449,7147,0.042,False,True
SNAP_000798,2024-08-02,evening,ROUTE_BOM-COK,2024-09-15,8062,7848,0.027,False,True
SNAP_000799,2024-08-05,morning,ROUTE_BOM-COK,2024-08-13,7848,7786,0.008,False,True
SNAP_000800,2024-08-05,evening,ROUTE_BOM-COK,2024-08-21,6836,6894,-0.008,True,True
SNAP_000801,2024-08-08,morning,ROUTE_BOM-COK,2024-08-30,8708,8221,0.059,False,True
SNAP_000802,2024-08-08,evening,ROUTE_BOM-COK,2024-09-21,4125,3953,0.043,False,True
SNAP_000803,2024-08-11,morning,ROUTE_BOM-COK,2024-08-18,8389,8471,-0.01,True,True
SNAP_000804,2024-08-11,evening,ROUTE_BOM-COK,2024-08-21,7761,7492,0.036,False,True
SNAP_000805,2024-08-14,morning,ROUTE_BOM-COK,2024-09-05,8244,8531,-0.034,True,True
SNAP_000806,2024-08-14,evening,ROUTE_BOM-COK,2024-09-16,5839,5793,0.008,False,True
SNAP_000807,2024-08-17,morning,ROUTE_BOM-COK,2024-08-28,8279,8013,0.033,False,True
SNAP_000808,2024-08-17,evening,ROUTE_BOM-COK,2024-09-12,8879,9057,-0.02,True,True
SNAP_000809,2024-08-20,morning,ROUTE_BOM-COK,2024-09-25,8138,8153,-0.002,True,True
SNAP_000810,2024-08-20,evening,ROUTE_BOM-COK,2024-09-28,8412,8778,-0.042,True,True
SNAP_000811,2024-08-23,morning,ROUTE_BOM-COK,2024-08-30,8332,8245,0.01,False,True
SNAP_000812,2024-08-23,evening,ROUTE_BOM-COK,2024-09-22,6599,6242,0.057,False,True
SNAP_000813,2024-08-26,morning,ROUTE_BOM-COK,2024-09-28,5373,5340,0.006,False,True
SNAP_000814,2024-08-26,evening,ROUTE_BOM-COK,2024-10-09,4368,4572,-0.045,True,True
SNAP_000815,2024-08-29,morning,ROUTE_BOM-COK,2024-09-13,5179,5340,-0.03,True,True
SNAP_000816,2024-08-29,evening,ROUTE_BOM-COK,2024-09-10,7588,7742,-0.02,True,True
